Country, Variable, Unit, Symbol, "1990", "1991", "1992", "1993", "1994", "1995", "1996", "1997", "1998", "1999", "2000", "2001", "2002", "2003", "2004", "2005", "2006", "2007", "2008", "2009", "2010", "2011", "2012", "2013", "2014", "2015", "2016", "2017", "2018", "2019", "2020"
Afghanistan, Total population with access to safe drinking-water (JMP), %, I, , , , , , , , , , , , , , , , , , , , , , , , , , , 55.3, 55.3, 55.3, 55.3, 55.3
Afghanistan, Total population with access to safe drinking-water (JMP), %, X, , 21.2, 21.3, 21.4, 21.4, 21.5, 23.3, 25, 26.8, 28.5, 30.3, 32, 33.8, 35.5, 37.3, 39.1, 40.8, 42.6, 44.4, 46.2, 48, 49.8, 51.6, 53.4, 55.2, 55.3, , , , , 
Albania, Total population with access to safe drinking-water (JMP), %, I, , , , , , , , , , , , , , , , , , , , , , , , , , , 95.1, 95.1, 95.1, 95.1, 95.1
Albania, Total population with access to safe drinking-water (JMP), %, X, , , , , 95.7, 95.7, 95.7, 95.8, 95.8, 95.9, 96.1, 96.2, 96.1, 96.1, 96.1, 96, 96, 95.9, 95.8, 95.7, 95.6, 95.5, 95.4, 95.2, 95.1, 95.1, , , , , 
Algeria, Total population with access to safe drinking-water (JMP), %, I, , , , , , , , , , , , , , , , , , , , , , , , , , , 83.6, 83.6, 83.6, 83.6, 83.6
Algeria, Total population with access to safe drinking-water (JMP), %, X, 91.5, 91.6, 91.7, 91.8, 91.5, 91.2, 90.9, 90.5, 90.2, 89.9, 89.5, 89.2, 88.8, 88.5, 88.1, 87.7, 87.4, 87, 86.6, 86.2, 85.7, 85.3, 84.9, 84.5, 84, 83.6, , , , , 
Andorra, Total population with access to safe drinking-water (JMP), %, I, , , , , , , , , , , , , , , , , , , , , , , , , , , 100, 100, 100, 100, 100
Andorra, Total population with access to safe drinking-water (JMP), %, X, 100, 100, 100, 100, 100, 100, 100, 100, 100, 100, 100, 100, 100, 100, 100, 100, 100, 100, 100, 100, 100, 100, 100, 100, 100, 100, , , , , 
Angola, Total population with access to safe drinking-water (JMP), %, I, , , , , , , , , , , , , , , , , , , , , , , , , , , 49, 49, 49, 49, 49
Angola, Total population with access to safe drinking-water (JMP), %, X, 45.7, 45.8, 45.8, 45.9, 46.3, 46.1, 45.9, 45.8, 45.7, 45.7, 45.7, 45.7, 45.7, 45.8, 45.9, 46, 46.2, 46.4, 46.6, 46.9, 47.1, 47.5, 47.8, 48.2, 48.6, 49, , , , , 
Antigua and Barbuda, Total population with access to safe drinking-water (JMP), %, I, , , , , , , , , , , , , , , , , , , , , , , , , , , 97.9, 97.9, 97.9, 97.9, 97.9
Antigua and Barbuda, Total population with access to safe drinking-water (JMP), %, X, 97.4, 97.5, 97.5, 97.5, 97.5, 97.6, 97.6, 97.6, 97.6, 97.7, 97.7, 97.7, 97.7, 97.8, 97.8, 97.8, 97.8, 97.9, 97.9, 97.9, 97.9, 97.9, 97.9, 97.9, 97.9, 97.9, , , , , 
Argentina, Total population with access to safe drinking-water (JMP), %, I, , , , , , , , , , , , , , , , , , , , , , , , , , , 99.1, 99.1, 99.1, 99.1, 99.1
Argentina, Total population with access to safe drinking-water (JMP), %, X, 93.8, 94.1, 94.3, 94.6, 94.9, 95.1, 95.4, 95.6, 95.8, 96.1, 96.3, 96.5, 96.7, 96.9, 97.1, 97.3, 97.5, 97.7, 97.9, 98.1, 98.2, 98.4, 98.6, 98.8, 98.9, 99.1, , , , , 
Armenia, Total population with access to safe drinking-water (JMP), %, I, , , , , , , , , , , , , , , , , , , , , , , , , , , 100, 100, 100, 100, 100
Armenia, Total population with access to safe drinking-water (JMP), %, X, , , 90.7, 90.7, 90.6, 90.5, 90.5, 91, 91.5, 92.1, 92.6, 93.1, 93.7, 94.3, 94.9, 95.5, 96.1, 96.7, 97.3, 97.9, 98.4, 99, 99.7, 99.9, 100, 100, , , , , 
Australia, Total population with access to safe drinking-water (JMP), %, I, , , , , , , , , , , , , , , , , , , , , , , , , , , 100, 100, 100, 100, 100
Australia, Total population with access to safe drinking-water (JMP), %, X, 100, 100, 100, 100, 100, 100, 100, 100, 100, 100, 100, 100, 100, 100, 100, 100, 100, 100, 100, 100, 100, 100, 100, 100, 100, 100, , , , , 
Austria, Total population with access to safe drinking-water (JMP), %, I, , , , , , , , , , , , , , , , , , , , , , , , , , , 100, 100, 100, 100, 100
Austria, Total population with access to safe drinking-water (JMP), %, X, 100, 100, 100, 100, 100, 100, 100, 100, 100, 100, 100, 100, 100, 100, 100, 100, 100, 100, 100, 100, 100, 100, 100, 100, 100, 100, , , , , 
Azerbaijan, Total population with access to safe drinking-water (JMP), %, I, , , , , , , , , , , , , , , , , , , , , , , , , , , 87, 87, 87, 87, 87
Azerbaijan, Total population with access to safe drinking-water (JMP), %, X, , , 68.9, 68.8, 69.5, 70.2, 70.9, 71.7, 72.4, 73.2, 74.1, 75, 75.8, 76.7, 77.6, 78.5, 79.3, 80.2, 81, 81.9, 82.8, 83.6, 84.5, 85.3, 86.2, 87, , , , , 
Bahamas, Total population with access to safe drinking-water (JMP), %, I, , , , , , , , , , , , , , , , , , , , , , , , , , , 98.4, 98.4, 98.4, 98.4, 98.4
Bahamas, Total population with access to safe drinking-water (JMP), %, X, , , , 96.3, 96.3, 96.3, 96.3, 96.3, 96.3, 96.4, 96.6, 96.7, 96.9, 97, 97.2, 97.3, 97.5, 97.6, 97.8, 97.9, 98.1, 98.2, 98.4, 98.4, 98.4, 98.4, , , , , 
Bahrain, Total population with access to safe drinking-water (JMP), %, I, , , , , , , , , , , , , , , , , , , , , , , , , , , 100, 100, 100, 100, 100
Bahrain, Total population with access to safe drinking-water (JMP), %, X, 94.9, 94.9, 94.9, 94.9, 95.4, 96, 96.6, 97.1, 97.7, 98.3, 98.9, 99.4, 100, 100, 100, 100, 100, 100, 100, 100, 100, 100, 100, 100, 100, 100, , , , , 
Bangladesh, Total population with access to safe drinking-water (JMP), %, I, , , , , , , , , , , , , , , , , , , , , , , , , , , 86.9, 86.9, 86.9, 86.9, 86.9
Bangladesh, Total population with access to safe drinking-water (JMP), %, X, 68.1, 68.9, 69.7, 70.5, 71.3, 72.1, 72.9, 73.6, 74.4, 75.2, 76, 76.7, 77.5, 78.3, 79.1, 79.8, 80.6, 81.3, 82, 82.7, 83.5, 84.2, 84.8, 85.5, 86.2, 86.9, , , , , 
Barbados, Total population with access to safe drinking-water (JMP), %, I, , , , , , , , , , , , , , , , , , , , , , , , , , , 99.7, 99.7, 99.7, 99.7, 99.7
Barbados, Total population with access to safe drinking-water (JMP), %, X, 96.1, 96.3, 96.4, 96.6, 96.7, 96.9, 97, 97.2, 97.3, 97.5, 97.6, 97.8, 97.9, 98.1, 98.2, 98.4, 98.5, 98.7, 98.8, 99, 99.1, 99.3, 99.4, 99.6, 99.7, 99.7, , , , , 
Belarus, Total population with access to safe drinking-water (JMP), %, I, , , , , , , , , , , , , , , , , , , , , , , , , , , 99.7, 99.7, 99.7, 99.7, 99.7
Belarus, Total population with access to safe drinking-water (JMP), %, X, , , 99.5, 99.5, 99.5, 99.5, 99.5, 99.5, 99.5, 99.5, 99.5, 99.5, 99.5, 99.5, 99.5, 99.5, 99.6, 99.6, 99.6, 99.6, 99.6, 99.6, 99.7, 99.7, 99.7, 99.7, , , , , 
Belgium, Total population with access to safe drinking-water (JMP), %, I, , , , , , , , , , , , , , , , , , , , , , , , , , , 100, 100, 100, 100, 100
Belgium, Total population with access to safe drinking-water (JMP), %, X, 100, 100, 100, 100, 100, 100, 100, 100, 100, 100, 100, 100, 100, 100, 100, 100, 100, 100, 100, 100, 100, 100, 100, 100, 100, 100, , , , , 
Belize, Total population with access to safe drinking-water (JMP), %, I, , , , , , , , , , , , , , , , , , , , , , , , , , , 99.5, 99.5, 99.5, 99.5, 99.5
Belize, Total population with access to safe drinking-water (JMP), %, X, 72.9, 74.1, 75.3, 76.5, 77.8, 79, 80.2, 81.4, 82.7, 83.9, 85.1, 86.3, 87.5, 88.7, 89.9, 91.1, 92.3, 93.5, 94.7, 96, 97.2, 98.5, 99.3, 99.5, 99.5, 99.5, , , , , 
Benin, Total population with access to safe drinking-water (JMP), %, I, , , , , , , , , , , , , , , , , , , , , , , , , , , 77.9, 77.9, 77.9, 77.9, 77.9
Benin, Total population with access to safe drinking-water (JMP), %, X, 57.1, 58.1, 59.1, 59.9, 60.8, 61.7, 62.6, 63.4, 64.3, 65.1, 66, 66.9, 67.7, 68.6, 69.4, 70.3, 71.1, 72, 72.8, 73.7, 74.5, 75.3, 76.2, 77, 77.8, 77.9, , , , , 
Bhutan, Total population with access to safe drinking-water (JMP), %, I, , , , , , , , , , , , , , , , , , , , , , , , , , , 100, 100, 100, 100, 100
Bhutan, Total population with access to safe drinking-water (JMP), %, X, 72, 72.2, 72.4, 73.9, 75.4, 76.9, 78.3, 79.8, 81.2, 82.6, 83.9, 85.3, 86.6, 87.9, 89.1, 90.4, 91.5, 92.7, 93.8, 94.9, 96, 97, 98, 99.1, 100, 100, , , , , 
Bolivia (Plurinational State of), Total population with access to safe drinking-water (JMP), %, I, , , , , , , , , , , , , , , , , , , , , , , , , , , 90, 90, 90, 90, 90
Bolivia (Plurinational State of), Total population with access to safe drinking-water (JMP), %, X, 68.2, 69.5, 70.8, 71.8, 72.9, 73.9, 74.9, 75.8, 76.7, 77.7, 78.6, 79.5, 80.3, 81.2, 82.1, 82.9, 83.7, 84.6, 85.4, 86.2, 86.9, 87.7, 88.5, 89.2, 90, 90, , , , , 
Bosnia and Herzegovina, Total population with access to safe drinking-water (JMP), %, I, , , , , , , , , , , , , , , , , , , , , , , , , , , 99.9, 99.9, 99.9, 99.9, 99.9
Bosnia and Herzegovina, Total population with access to safe drinking-water (JMP), %, X, , , 97.1, 97.1, 97.1, 97.1, 97.1, 97.1, 97.1, 97.3, 97.5, 97.7, 97.8, 98, 98.2, 98.3, 98.5, 98.7, 98.8, 99, 99.2, 99.4, 99.5, 99.7, 99.9, 99.9, , , , , 
Botswana, Total population with access to safe drinking-water (JMP), %, I, , , , , , , , , , , , , , , , , , , , , , , , , , , 96.2, 96.2, 96.2, 96.2, 96.2
Botswana, Total population with access to safe drinking-water (JMP), %, X, 92.2, 92.8, 93.1, 93.3, 93.5, 93.7, 93.9, 94.1, 94.3, 94.5, 94.7, 94.9, 95, 95.1, 95.2, 95.3, 95.4, 95.5, 95.7, 95.8, 95.9, 96, 96.1, 96.2, 96.2, 96.2, , , , , 
Brazil, Total population with access to safe drinking-water (JMP), %, I, , , , , , , , , , , , , , , , , , , , , , , , , , , 98.1, 98.1, 98.1, 98.1, 98.1
Brazil, Total population with access to safe drinking-water (JMP), %, X, 88.5, 89, 89.6, 90.1, 90.6, 91.1, 91.6, 92.1, 92.5, 93, 93.5, 93.8, 94.2, 94.5, 94.9, 95.2, 95.6, 95.9, 96.2, 96.5, 96.9, 97.2, 97.5, 97.8, 98.1, 98.1, , , , , 
Bulgaria, Total population with access to safe drinking-water (JMP), %, I, , , , , , , , , , , , , , , , , , , , , , , , , , , 99.4, 99.4, 99.4, 99.4, 99.4
Bulgaria, Total population with access to safe drinking-water (JMP), %, X, 99.9, 99.9, 99.9, 99.9, 99.9, 99.8, 99.8, 99.8, 99.8, 99.8, 99.7, 99.7, 99.7, 99.7, 99.6, 99.6, 99.6, 99.6, 99.6, 99.5, 99.5, 99.5, 99.5, 99.5, 99.4, 99.4, , , , , 
Burkina Faso, Total population with access to safe drinking-water (JMP), %, I, , , , , , , , , , , , , , , , , , , , , , , , , , , 82.3, 82.3, 82.3, 82.3, 82.3
Burkina Faso, Total population with access to safe drinking-water (JMP), %, X, 43.6, 43.7, 45.4, 47.2, 49, 50.7, 52.5, 54.3, 56.2, 58, 59.9, 61.8, 63.6, 65.4, 67.3, 69.1, 71, 72.8, 74.6, 76.4, 78.2, 80, 81.7, 81.9, 82.1, 82.3, , , , , 
Burundi, Total population with access to safe drinking-water (JMP), %, I, , , , , , , , , , , , , , , , , , , , , , , , , , , 75.9, 75.9, 75.9, 75.9, 75.9
Burundi, Total population with access to safe drinking-water (JMP), %, X, 68.8, 69.1, 69.4, 69.7, 70, 70.3, 70.6, 70.9, 71.2, 71.5, 71.8, 72.1, 72.4, 72.7, 73, 73.3, 73.5, 73.8, 74.1, 74.4, 74.7, 75, 75.3, 75.5, 75.8, 75.9, , , , , 
Cabo Verde, Total population with access to safe drinking-water (JMP), %, I, , , , , , , , , , , , , , , , , , , , , , , , , , , 91.7, 91.7, 91.7, 91.7, 91.7
Cabo Verde, Total population with access to safe drinking-water (JMP), %, X, , , 79.8, 79.8, 79.9, 79.9, 79.9, 80.5, 81.1, 81.8, 82.4, 83, 83.7, 84.3, 85, 85.6, 86.3, 86.9, 87.6, 88.3, 88.9, 89.6, 90.3, 91, 91.7, 91.7, , , , , 
Cambodia, Total population with access to safe drinking-water (JMP), %, I, , , , , , , , , , , , , , , , , , , , , , , , , , , 75.5, 75.5, 75.5, 75.5, 75.5
Cambodia, Total population with access to safe drinking-water (JMP), %, X, 23.4, 23.5, 23.5, 25.8, 28, 30.3, 32.6, 34.8, 37.1, 39.4, 41.6, 43.9, 46.1, 48.4, 50.6, 52.9, 55.1, 57.4, 59.7, 61.9, 64.2, 66.5, 68.8, 71.1, 73.4, 75.5, , , , , 
Cameroon, Total population with access to safe drinking-water (JMP), %, I, , , , , , , , , , , , , , , , , , , , , , , , , , , 75.6, 75.6, 75.6, 75.6, 75.6
Cameroon, Total population with access to safe drinking-water (JMP), %, X, 51.3, 52.3, 53.4, 54.4, 55.5, 56.5, 57.6, 58.6, 59.7, 60.7, 61.7, 62.8, 63.8, 64.9, 65.9, 66.9, 68, 69, 70, 71, 72.1, 73.1, 74.1, 75.1, 75.4, 75.6, , , , , 
Canada, Total population with access to safe drinking-water (JMP), %, I, , , , , , , , , , , , , , , , , , , , , , , , , , , 99.8, 99.8, 99.8, 99.8, 99.8
Canada, Total population with access to safe drinking-water (JMP), %, X, 99.8, 99.8, 99.8, 99.8, 99.8, 99.8, 99.8, 99.8, 99.8, 99.8, 99.8, 99.8, 99.8, 99.8, 99.8, 99.8, 99.8, 99.8, 99.8, 99.8, 99.8, 99.8, 99.8, 99.8, 99.8, 99.8, , , , , 
Central African Republic, Total population with access to safe drinking-water (JMP), %, I, , , , , , , , , , , , , , , , , , , , , , , , , , , 68.5, 68.5, 68.5, 68.5, 68.5
Central African Republic, Total population with access to safe drinking-water (JMP), %, X, 58.8, 58.8, 58.8, 59.3, 59.7, 60.2, 60.6, 61.1, 61.6, 62, 62.5, 62.9, 63.4, 63.8, 64.3, 64.8, 65.2, 65.7, 66.2, 66.7, 67.2, 67.7, 68.2, 68.3, 68.4, 68.5, , , , , 
Chad, Total population with access to safe drinking-water (JMP), %, I, , , , , , , , , , , , , , , , , , , , , , , , , , , 50.8, 50.8, 50.8, 50.8, 50.8
Chad, Total population with access to safe drinking-water (JMP), %, X, 39.8, 40.3, 40.8, 41.3, 41.8, 42.3, 42.8, 43.3, 43.8, 44.3, 44.7, 45.2, 45.7, 46.2, 46.7, 47.2, 47.7, 48.2, 48.7, 49.2, 49.7, 50.2, 50.7, 50.8, 50.8, 50.8, , , , , 
Chile, Total population with access to safe drinking-water (JMP), %, I, , , , , , , , , , , , , , , , , , , , , , , , , , , 99, 99, 99, 99, 99
Chile, Total population with access to safe drinking-water (JMP), %, X, 90.4, 90.9, 91.3, 91.8, 92.3, 92.7, 93.2, 93.6, 94.1, 94.5, 94.9, 95.3, 95.6, 96, 96.3, 96.7, 97, 97.3, 97.6, 97.9, 98.2, 98.5, 98.7, 99, 99, 99, , , , , 
China, Total population with access to safe drinking-water (JMP), %, I, , , , , , , , , , , , , , , , , , , , , , , , , , , 95.5, 95.5, 95.5, 95.5, 95.5
China, Total population with access to safe drinking-water (JMP), %, X, 66.9, 68.3, 69.8, 71.2, 72.5, 73.9, 75.2, 76.5, 77.8, 79.1, 80.3, 81.6, 82.8, 84, 85.2, 86.3, 87.4, 88.5, 89.5, 90.5, 91.4, 92.3, 93.2, 94, 94.8, 95.5, , , , , 
Colombia, Total population with access to safe drinking-water (JMP), %, I, , , , , , , , , , , , , , , , , , , , , , , , , , , 91.4, 91.4, 91.4, 91.4, 91.4
Colombia, Total population with access to safe drinking-water (JMP), %, X, 88.4, 88.6, 88.8, 89, 89.1, 89.2, 89.4, 89.5, 89.6, 89.7, 89.9, 90, 90.1, 90.2, 90.3, 90.5, 90.6, 90.7, 90.8, 90.9, 91, 91.1, 91.2, 91.3, 91.3, 91.4, , , , , 
Comoros, Total population with access to safe drinking-water (JMP), %, I, , , , , , , , , , , , , , , , , , , , , , , , , , , 90.1, 90.1, 90.1, 90.1, 90.1
Comoros, Total population with access to safe drinking-water (JMP), %, X, 90.1, 90.1, 90.1, 90.1, 90.1, 90.1, 90.1, 90.1, 90.1, 90.1, 90.1, 90.1, 90.1, 90.1, 90.1, 90.1, 90.1, 90.1, 90.1, 90.1, 90.1, 90.1, 90.1, 90.1, 90.1, 90.1, , , , , 
Congo, Total population with access to safe drinking-water (JMP), %, I, , , , , , , , , , , , , , , , , , , , , , , , , , , 76.5, 76.5, 76.5, 76.5, 76.5
Congo, Total population with access to safe drinking-water (JMP), %, X, , , , , , , , 68.3, 68.6, 68.9, 69.2, 69.5, 70.1, 70.6, 71.2, 71.7, 72.2, 72.8, 73.3, 73.8, 74.3, 74.8, 75.3, 75.8, 76.3, 76.5, , , , , 
Cook Islands, Total population with access to safe drinking-water (JMP), %, I, , , , , , , , , , , , , , , , , , , , , , , , , , , 99.9, 99.9, 99.9, 99.9, 99.9
Cook Islands, Total population with access to safe drinking-water (JMP), %, X, 99.9, 99.9, 99.9, 99.9, 99.9, 99.9, 99.9, 99.9, 99.9, 99.9, 99.9, 99.9, 99.9, 99.9, 99.9, 99.9, 99.9, 99.9, 99.9, 99.9, 99.9, 99.9, 99.9, 99.9, 99.9, 99.9, , , , , 
Costa Rica, Total population with access to safe drinking-water (JMP), %, I, , , , , , , , , , , , , , , , , , , , , , , , , , , 97.8, 97.8, 97.8, 97.8, 97.8
Costa Rica, Total population with access to safe drinking-water (JMP), %, X, 92.9, 93.1, 93.3, 93.6, 93.8, 94, 94.2, 94.4, 94.7, 94.9, 95.1, 95.3, 95.5, 95.8, 96, 96.2, 96.4, 96.6, 96.8, 97, 97.2, 97.3, 97.5, 97.6, 97.7, 97.8, , , , , 
Croatia, Total population with access to safe drinking-water (JMP), %, I, , , , , , , , , , , , , , , , , , , , , , , , , , , 99.6, 99.6, 99.6, 99.6, 99.6
Croatia, Total population with access to safe drinking-water (JMP), %, X, , , 98.2, 98.2, 98.2, 98.2, 98.2, 98.3, 98.3, 98.3, 98.3, 98.3, 98.4, 98.5, 98.6, 98.7, 98.8, 98.9, 99, 99.1, 99.2, 99.3, 99.4, 99.5, 99.6, 99.6, , , , , 
Cuba, Total population with access to safe drinking-water (JMP), %, I, , , , , , , , , , , , , , , , , , , , , , , , , , , 94.9, 94.9, 94.9, 94.9, 94.9
Cuba, Total population with access to safe drinking-water (JMP), %, X, , , , , 89.5, 89.6, 89.7, 89.8, 89.9, 90.2, 90.6, 90.9, 91.2, 91.5, 91.8, 92.1, 92.4, 92.7, 92.9, 93.2, 93.5, 93.8, 94.1, 94.3, 94.6, 94.9, , , , , 
Cyprus, Total population with access to safe drinking-water (JMP), %, I, , , , , , , , , , , , , , , , , , , , , , , , , , , 100, 100, 100, 100, 100
Cyprus, Total population with access to safe drinking-water (JMP), %, X, 100, 100, 100, 100, 100, 100, 100, 100, 100, 100, 100, 100, 100, 100, 100, 100, 100, 100, 100, 100, 100, 100, 100, 100, 100, 100, , , , , 
Czechia, Total population with access to safe drinking-water (JMP), %, I, , , , , , , , , , , , , , , , , , , , , , , , , , , 100, 100, 100, 100, 100
Czechia, Total population with access to safe drinking-water (JMP), %, X, , , , 99.8, 99.8, 99.8, 99.8, 99.8, 99.8, 99.8, 99.8, 99.8, 99.8, 99.8, 99.8, 99.9, 99.9, 99.9, 99.9, 99.9, 100, 100, 100, 100, 100, 100, , , , , 
Côte d'Ivoire, Total population with access to safe drinking-water (JMP), %, I, , , , , , , , , , , , , , , , , , , , , , , , , , , 81.9, 81.9, 81.9, 81.9, 81.9
Côte d'Ivoire, Total population with access to safe drinking-water (JMP), %, X, 75.9, 76.1, 76.3, 76.5, 76.7, 76.9, 77.1, 77.3, 77.5, 77.7, 77.9, 78.2, 78.5, 78.7, 79, 79.2, 79.5, 79.8, 80.1, 80.4, 80.7, 80.9, 81.2, 81.5, 81.8, 81.9, , , , , 
Democratic People's Republic of Korea, Total population with access to safe drinking-water (JMP), %, I, , , , , , , , , , , , , , , , , , , , , , , , , , , 99.7, 99.7, 99.7, 99.7, 99.7
Democratic People's Republic of Korea, Total population with access to safe drinking-water (JMP), %, X, 100, 100, 100, 100, 100, 100, 100, 99.9, 99.9, 99.9, 99.9, 99.9, 99.9, 99.8, 99.8, 99.8, 99.8, 99.8, 99.7, 99.7, 99.7, 99.7, 99.7, 99.7, 99.7, 99.7, , , , , 
Democratic Republic of the Congo, Total population with access to safe drinking-water (JMP), %, I, , , , , , , , , , , , , , , , , , , , , , , , , , , 52.4, 52.4, 52.4, 52.4, 52.4
Democratic Republic of the Congo, Total population with access to safe drinking-water (JMP), %, X, 43.6, 43.9, 44.2, 44.4, 44.8, 45.2, 45.6, 46, 46.4, 46.8, 47.1, 47.5, 47.9, 48.2, 48.6, 49, 49.3, 49.7, 50, 50.4, 50.7, 51.1, 51.4, 51.8, 52.1, 52.4, , , , , 
Denmark, Total population with access to safe drinking-water (JMP), %, I, , , , , , , , , , , , , , , , , , , , , , , , , , , 100, 100, 100, 100, 100
Denmark, Total population with access to safe drinking-water (JMP), %, X, 100, 100, 100, 100, 100, 100, 100, 100, 100, 100, 100, 100, 100, 100, 100, 100, 100, 100, 100, 100, 100, 100, 100, 100, 100, 100, , , , , 
Djibouti, Total population with access to safe drinking-water (JMP), %, I, , , , , , , , , , , , , , , , , , , , , , , , , , , 90, 90, 90, 90, 90
Djibouti, Total population with access to safe drinking-water (JMP), %, X, 78.1, 78.1, 78.2, 78.2, 78.2, 78.9, 79.6, 80.2, 80.9, 81.6, 82.3, 83, 83.7, 84.4, 85.1, 85.7, 86.4, 87.1, 87.8, 88.5, 89.2, 89.9, 89.9, 89.9, 90, 90, , , , , 
Dominica, Total population with access to safe drinking-water (JMP), %, I, , , , , , , , , , , , , , , , , , , 94.4, 94.4, 94.4, 94.4, 94.4, 94.4, 94.4, 94.4, 94.4, 94.4, 94.4, 94.4, 94.4
Dominica, Total population with access to safe drinking-water (JMP), %, X, , , , , , 94.5, 94.5, 94.5, 94.5, 94.5, 94.5, 94.5, 94.4, 94.4, 94.4, 94.4, 94.4, 94.4, , , , , , , , , , , , , 
Dominican Republic, Total population with access to safe drinking-water (JMP), %, I, , , , , , , , , , , , , , , , , , , , , , , , , , , 84.7, 84.7, 84.7, 84.7, 84.7
Dominican Republic, Total population with access to safe drinking-water (JMP), %, X, 87.3, 87.2, 87.1, 87.1, 87, 87, 87, 87, 87, 86.9, 86.8, 86.8, 86.7, 86.6, 86.6, 86.5, 86.4, 86.3, 86.2, 86, 85.9, 85.7, 85.4, 85.2, 85, 84.7, , , , , 
Ecuador, Total population with access to safe drinking-water (JMP), %, I, , , , , , , , , , , , , , , , , , , , , , , , , , , 86.9, 86.9, 86.9, 86.9, 86.9
Ecuador, Total population with access to safe drinking-water (JMP), %, X, 73.8, 74.4, 75, 75.6, 76.2, 76.8, 77.3, 77.9, 78.5, 79.1, 79.7, 80.3, 80.8, 81.3, 81.8, 82.3, 82.8, 83.3, 83.9, 84.4, 84.9, 85.4, 85.9, 86.4, 86.9, 86.9, , , , , 
Egypt, Total population with access to safe drinking-water (JMP), %, I, , , , , , , , , , , , , , , , , , , , , , , , , , , 99.4, 99.4, 99.4, 99.4, 99.4
Egypt, Total population with access to safe drinking-water (JMP), %, X, 93.4, 93.7, 93.9, 94.1, 94.4, 94.6, 94.9, 95.1, 95.4, 95.6, 95.9, 96.1, 96.4, 96.6, 96.9, 97.1, 97.3, 97.6, 97.8, 98.1, 98.3, 98.6, 98.8, 99.1, 99.2, 99.4, , , , , 
El Salvador, Total population with access to safe drinking-water (JMP), %, I, , , , , , , , , , , , , , , , , , , , , , , , , , , 93.8, 93.8, 93.8, 93.8, 93.8
El Salvador, Total population with access to safe drinking-water (JMP), %, X, 70.2, 71.3, 72.3, 73.6, 74.9, 76.2, 77.4, 78.6, 79.8, 80.7, 81.6, 82.5, 83.4, 84.3, 85.2, 86, 86.9, 87.7, 88.5, 89.3, 90.1, 90.9, 91.6, 92.4, 93.1, 93.8, , , , , 
Equatorial Guinea, Total population with access to safe drinking-water (JMP), %, I, , , , , , , , , , , , , , , , , , , , , , , , , , , 47.9, 47.9, 47.9, 47.9, 47.9
Equatorial Guinea, Total population with access to safe drinking-water (JMP), %, X, , , , , 47.3, 47.3, 47.3, 47.3, 47.3, 47.3, 47.3, 47.3, 47.3, 47.3, 47.3, 47.3, 47.4, 47.4, 47.4, 47.5, 47.5, 47.6, 47.7, 47.7, 47.8, 47.9, , , , , 
Eritrea, Total population with access to safe drinking-water (JMP), %, I, , , , , , , , , , , , , , , , , , , , , , , , , , , 57.8, 57.8, 57.8, 57.8, 57.8
Eritrea, Total population with access to safe drinking-water (JMP), %, X, , , , 47.4, 47.9, 48.4, 48.9, 49.4, 49.9, 50.5, 51, 51.5, 52.1, 52.6, 53.1, 53.7, 54.2, 54.8, 55.3, 55.9, 56.4, 57, 57.5, 57.6, 57.7, 57.8, , , , , 
Estonia, Total population with access to safe drinking-water (JMP), %, I, , , , , , , , , , , , , , , , , , , , , , , , , , , 99.6, 99.6, 99.6, 99.6, 99.6
Estonia, Total population with access to safe drinking-water (JMP), %, X, , , 98.9, 98.9, 98.9, 98.9, 98.9, 98.9, 98.9, 99, 99, 99, 99.1, 99.1, 99.2, 99.2, 99.3, 99.3, 99.4, 99.4, 99.5, 99.5, 99.5, 99.6, 99.6, 99.6, , , , , 
Eswatini, Total population with access to safe drinking-water (JMP), %, I, , , , , , , , , , , , , , , , , , , , , , , , , , , 74.1, 74.1, 74.1, 74.1, 74.1
Eswatini, Total population with access to safe drinking-water (JMP), %, X, 38.9, 38.9, 38.9, 39, 40.8, 42.7, 44.6, 46.5, 48.3, 50.1, 51.9, 53.7, 55.6, 57.4, 59.2, 61.1, 62.9, 64.8, 66.6, 68.5, 70.4, 72.3, 74.2, 74.1, 74.1, 74.1, , , , , 
Ethiopia, Total population with access to safe drinking-water (JMP), %, I, , , , , , , , , , , , , , , , , , , , , , , , , , , 57.3, 57.3, 57.3, 57.3, 57.3
Ethiopia, Total population with access to safe drinking-water (JMP), %, X, , , , 15.6, 17.6, 19.5, 21.4, 23.3, 25.2, 27, 28.9, 30.8, 32.7, 34.5, 36.4, 38.3, 40.1, 42, 43.9, 45.9, 47.8, 49.7, 51.6, 53.5, 55.4, 57.3, , , , , 
Fiji, Total population with access to safe drinking-water (JMP), %, I, , , , , , , , , , , , , , , , , , , , , , , , , , , 95.7, 95.7, 95.7, 95.7, 95.7
Fiji, Total population with access to safe drinking-water (JMP), %, X, 86, 86.2, 86.7, 87.2, 87.8, 88.3, 88.8, 89.3, 89.7, 90.2, 90.7, 91.1, 91.6, 92, 92.5, 92.9, 93.4, 93.8, 94.3, 94.7, 95.1, 95.6, 95.6, 95.6, 95.7, 95.7, , , , , 
Finland, Total population with access to safe drinking-water (JMP), %, I, , , , , , , , , , , , , , , , , , , , , , , , , , , 100, 100, 100, 100, 100
Finland, Total population with access to safe drinking-water (JMP), %, X, 100, 100, 100, 100, 100, 100, 100, 100, 100, 100, 100, 100, 100, 100, 100, 100, 100, 100, 100, 100, 100, 100, 100, 100, 100, 100, , , , , 
France, Total population with access to safe drinking-water (JMP), %, I, , , , , , , , , , , , , , , , , , , , , , , , , , , 100, 100, 100, 100, 100
France, Total population with access to safe drinking-water (JMP), %, X, 100, 100, 100, 100, 100, 100, 100, 100, 100, 100, 100, 100, 100, 100, 100, 100, 100, 100, 100, 100, 100, 100, 100, 100, 100, 100, , , , , 
Gabon, Total population with access to safe drinking-water (JMP), %, I, , , , , , , , , , , , , , , , , , , , , , , , , , , 93.2, 93.2, 93.2, 93.2, 93.2
Gabon, Total population with access to safe drinking-water (JMP), %, X, , , , , 79.4, 80, 80.6, 81.2, 81.8, 82.8, 83.8, 84.7, 85.6, 86.4, 87.2, 87.9, 88.6, 89.3, 89.9, 90.5, 91.1, 91.6, 92.2, 92.7, 93.2, 93.2, , , , , 
Gambia, Total population with access to safe drinking-water (JMP), %, I, , , , , , , , , , , , , , , , , , , , , , , , , , , 90.2, 90.2, 90.2, 90.2, 90.2
Gambia, Total population with access to safe drinking-water (JMP), %, X, 75.8, 76.5, 77.2, 78, 78.6, 79.3, 80, 80.7, 81.3, 82, 82.7, 83.3, 84, 84.6, 85.2, 85.9, 86.5, 87.1, 87.7, 88.3, 88.9, 89.5, 90.1, 90.1, 90.2, 90.2, , , , , 
Georgia, Total population with access to safe drinking-water (JMP), %, I, , , , , , , , , , , , , , , , , , , , , , , , , , , 100, 100, 100, 100, 100
Georgia, Total population with access to safe drinking-water (JMP), %, X, , , 85.3, 85.2, 85.1, 85.8, 86.5, 87.2, 87.9, 88.6, 89.3, 90, 90.8, 91.5, 92.3, 93, 93.8, 94.6, 95.3, 96.1, 96.8, 97.6, 98.3, 99, 99.6, 100, , , , , 
Germany, Total population with access to safe drinking-water (JMP), %, I, , , , , , , , , , , , , , , , , , , , , , , , , , , 100, 100, 100, 100, 100
Germany, Total population with access to safe drinking-water (JMP), %, X, 100, 100, 100, 100, 100, 100, 100, 100, 100, 100, 100, 100, 100, 100, 100, 100, 100, 100, 100, 100, 100, 100, 100, 100, 100, 100, , , , , 
Ghana, Total population with access to safe drinking-water (JMP), %, I, , , , , , , , , , , , , , , , , , , , , , , , , , , 88.7, 88.7, 88.7, 88.7, 88.7
Ghana, Total population with access to safe drinking-water (JMP), %, X, 55.5, 57.1, 58.7, 60.2, 61.7, 63.2, 64.7, 66.2, 67.6, 69.1, 70.5, 71.8, 73.1, 74.5, 75.8, 77, 78.3, 79.5, 80.7, 81.9, 83.1, 84.3, 85.4, 86.5, 87.6, 88.7, , , , , 
Greece, Total population with access to safe drinking-water (JMP), %, I, , , , , , , , , , , , , , , , , , , , , , , , , , , 100, 100, 100, 100, 100
Greece, Total population with access to safe drinking-water (JMP), %, X, 97.6, 97.7, 97.8, 97.9, 98.1, 98.2, 98.3, 98.5, 98.6, 98.7, 98.8, 98.9, 99.1, 99.2, 99.3, 99.4, 99.6, 99.7, 99.8, 99.9, 100, 100, 100, 100, 100, 100, , , , , 
Grenada, Total population with access to safe drinking-water (JMP), %, I, , , , , , , , , , , , , , , , , , , , , , , , , , , 96.6, 96.6, 96.6, 96.6, 96.6
Grenada, Total population with access to safe drinking-water (JMP), %, X, 96.5, 96.5, 96.5, 96.6, 96.6, 96.6, 96.6, 96.6, 96.6, 96.6, 96.6, 96.6, 96.6, 96.6, 96.6, 96.6, 96.6, 96.6, 96.6, 96.6, 96.6, 96.6, 96.6, 96.6, 96.6, 96.6, , , , , 
Guatemala, Total population with access to safe drinking-water (JMP), %, I, , , , , , , , , , , , , , , , , , , , , , , , , , , 92.8, 92.8, 92.8, 92.8, 92.8
Guatemala, Total population with access to safe drinking-water (JMP), %, X, 76.7, 77.4, 78.1, 78.9, 79.6, 80.3, 81, 81.7, 82.4, 83.1, 83.9, 84.6, 85.2, 85.9, 86.6, 87.3, 88, 88.7, 89.4, 90, 90.7, 91.4, 92, 92.7, 92.7, 92.8, , , , , 
Guinea, Total population with access to safe drinking-water (JMP), %, I, , , , , , , , , , , , , , , , , , , , , , , , , , , 76.8, 76.8, 76.8, 76.8, 76.8
Guinea, Total population with access to safe drinking-water (JMP), %, X, 52.4, 53.4, 54.5, 55.5, 56.5, 57.6, 58.6, 59.6, 60.7, 61.7, 62.7, 63.7, 64.8, 65.8, 66.8, 67.8, 68.8, 69.8, 70.8, 71.8, 72.8, 73.8, 74.8, 75.7, 76.7, 76.8, , , , , 
Guinea-Bissau, Total population with access to safe drinking-water (JMP), %, I, , , , , , , , , , , , , , , , , , , , , , , , , , , 79.3, 79.3, 79.3, 79.3, 79.3
Guinea-Bissau, Total population with access to safe drinking-water (JMP), %, X, 35.9, 37.5, 39.1, 40.6, 42.2, 43.8, 45.4, 47.1, 48.7, 50.4, 52.1, 53.8, 55.5, 57.2, 59, 60.7, 62.5, 64.3, 66.1, 68, 69.8, 71.7, 73.6, 75.5, 77.4, 79.3, , , , , 
Guyana, Total population with access to safe drinking-water (JMP), %, I, , , , , , , , , , , , , , , , , , , , , , , , , , , 98.3, 98.3, 98.3, 98.3, 98.3
Guyana, Total population with access to safe drinking-water (JMP), %, X, 79.2, 79.2, 80, 80.7, 81.5, 82.3, 83.1, 83.9, 84.7, 85.5, 86.2, 87, 87.8, 88.6, 89.4, 90.2, 91, 91.8, 92.6, 93.4, 94.2, 95.1, 95.9, 96.7, 97.5, 98.3, , , , , 
Haiti, Total population with access to safe drinking-water (JMP), %, I, , , , , , , , , , , , , , , , , , , , , , , , , , , 57.7, 57.7, 57.7, 57.7, 57.7
Haiti, Total population with access to safe drinking-water (JMP), %, X, 61.9, 62.4, 62.8, 62.6, 62.4, 62.2, 61.9, 61.7, 61.4, 61.1, 60.8, 60.8, 60.8, 60.8, 60.7, 60.6, 60.4, 60.2, 59.9, 59.6, 59.3, 58.9, 58.5, 58, 57.5, 57.7, , , , , 
Honduras, Total population with access to safe drinking-water (JMP), %, I, , , , , , , , , , , , , , , , , , , , , , , , , , , 91.2, 91.2, 91.2, 91.2, 91.2
Honduras, Total population with access to safe drinking-water (JMP), %, X, 73.1, 73.9, 74.7, 75.5, 76.2, 77, 77.8, 78.6, 79.3, 80.1, 80.8, 81.5, 82.3, 83, 83.8, 84.5, 85.2, 85.9, 86.6, 87.3, 88, 88.7, 89.3, 90, 90.6, 91.2, , , , , 
Hungary, Total population with access to safe drinking-water (JMP), %, I, , , , , , , , , , , , , , , , , , , , , , , , , , , 100, 100, 100, 100, 100
Hungary, Total population with access to safe drinking-water (JMP), %, X, 96.1, 96.3, 96.5, 96.7, 96.9, 97.1, 97.3, 97.5, 97.7, 98, 98.2, 98.4, 98.6, 98.8, 99, 99.2, 99.4, 99.7, 99.9, 100, 100, 100, 100, 100, 100, 100, , , , , 
Iceland, Total population with access to safe drinking-water (JMP), %, I, , , , , , , , , , , , , , , , , , , , , , , , , , , 100, 100, 100, 100, 100
Iceland, Total population with access to safe drinking-water (JMP), %, X, 100, 100, 100, 100, 100, 100, 100, 100, 100, 100, 100, 100, 100, 100, 100, 100, 100, 100, 100, 100, 100, 100, 100, 100, 100, 100, , , , , 
India, Total population with access to safe drinking-water (JMP), %, I, , , , , , , , , , , , , , , , , , , , , , , , , , , 94.1, 94.1, 94.1, 94.1, 94.1
India, Total population with access to safe drinking-water (JMP), %, X, 70.5, 71.5, 72.6, 73.6, 74.6, 75.6, 76.6, 77.6, 78.6, 79.6, 80.6, 81.5, 82.5, 83.5, 84.5, 85.5, 86.5, 87.4, 88.4, 89.4, 90.3, 91.3, 92.2, 93.1, 94.1, 94.1, , , , , 
Indonesia, Total population with access to safe drinking-water (JMP), %, I, , , , , , , , , , , , , , , , , , , , , , , , , , , 87.4, 87.4, 87.4, 87.4, 87.4
Indonesia, Total population with access to safe drinking-water (JMP), %, X, 69.5, 70.3, 71.2, 72, 72.8, 73.7, 74.5, 75.4, 76.3, 77.1, 77.9, 78.6, 79.3, 80, 80.6, 81.3, 81.9, 82.6, 83.2, 83.8, 84.5, 85.1, 85.7, 86.2, 86.8, 87.4, , , , , 
Iran (Islamic Republic of), Total population with access to safe drinking-water (JMP), %, I, , , , , , , , , , , , , , , , , , , , , , , , , , , 96.2, 96.2, 96.2, 96.2, 96.2
Iran (Islamic Republic of), Total population with access to safe drinking-water (JMP), %, X, 92.2, 92.2, 92.4, 92.5, 92.8, 93, 93.3, 93.5, 93.7, 93.9, 94.1, 94.3, 94.5, 94.7, 94.9, 95.1, 95.2, 95.4, 95.5, 95.6, 95.8, 95.9, 96, 96.1, 96.2, 96.2, , , , , 
Iraq, Total population with access to safe drinking-water (JMP), %, I, , , , , , , , , , , , , , , , , , , , , , , , , , , 86.6, 86.6, 86.6, 86.6, 86.6
Iraq, Total population with access to safe drinking-water (JMP), %, X, 78.3, 78.2, 78.1, 78, 77.9, 78.2, 78.6, 78.9, 79.4, 79.9, 80.4, 80.8, 81.3, 81.8, 82.3, 82.8, 83.2, 83.7, 84.2, 84.7, 85.1, 85.6, 86.1, 86.5, 86.6, 86.6, , , , , 
Ireland, Total population with access to safe drinking-water (JMP), %, I, , , , , , , , , , , , , , , , , , , , , , , , , , , 97.9, 97.9, 97.9, 97.9, 97.9
Ireland, Total population with access to safe drinking-water (JMP), %, X, 96.4, 96.4, 96.4, 96.4, 96.4, 96.4, 96.4, 96.3, 96.3, 96.3, 96.3, 96.4, 96.6, 96.7, 96.8, 96.9, 97, 97.1, 97.2, 97.3, 97.4, 97.5, 97.7, 97.8, 97.9, 97.9, , , , , 
Israel, Total population with access to safe drinking-water (JMP), %, I, , , , , , , , , , , , , , , , , , , , , , , , , , , 100, 100, 100, 100, 100
Israel, Total population with access to safe drinking-water (JMP), %, X, 100, 100, 100, 100, 100, 100, 100, 100, 100, 100, 100, 100, 100, 100, 100, 100, 100, 100, 100, 100, 100, 100, 100, 100, 100, 100, , , , , 
Italy, Total population with access to safe drinking-water (JMP), %, I, , , , , , , , , , , , , , , , , , , , , , , , , , , 100, 100, 100, 100, 100
Italy, Total population with access to safe drinking-water (JMP), %, X, 100, 100, 100, 100, 100, 100, 100, 100, 100, 100, 100, 100, 100, 100, 100, 100, 100, 100, 100, 100, 100, 100, 100, 100, 100, 100, , , , , 
Jamaica, Total population with access to safe drinking-water (JMP), %, I, , , , , , , , , , , , , , , , , , , , , , , , , , , 93.8, 93.8, 93.8, 93.8, 93.8
Jamaica, Total population with access to safe drinking-water (JMP), %, X, 93.1, 93.2, 93.2, 93.2, 93.3, 93.3, 93.3, 93.4, 93.4, 93.4, 93.5, 93.5, 93.5, 93.6, 93.6, 93.6, 93.6, 93.7, 93.7, 93.7, 93.7, 93.8, 93.8, 93.8, 93.8, 93.8, , , , , 
Japan, Total population with access to safe drinking-water (JMP), %, I, , , , , , , , , , , , , , , , , , , , , , , , , , , 100, 100, 100, 100, 100
Japan, Total population with access to safe drinking-water (JMP), %, X, 100, 100, 100, 100, 100, 100, 100, 100, 100, 100, 100, 100, 100, 100, 100, 100, 100, 100, 100, 100, 100, 100, 100, 100, 100, 100, , , , , 
Jordan, Total population with access to safe drinking-water (JMP), %, I, , , , , , , , , , , , , , , , , , , , , , , , , , , 96.9, 96.9, 96.9, 96.9, 96.9
Jordan, Total population with access to safe drinking-water (JMP), %, X, 96.3, 96.4, 96.5, 96.6, 96.6, 96.7, 96.7, 96.7, 96.7, 96.8, 96.8, 96.8, 96.8, 96.8, 96.8, 96.8, 96.9, 96.9, 96.9, 96.9, 96.9, 96.9, 96.9, 96.9, 96.9, 96.9, , , , , 
Kazakhstan, Total population with access to safe drinking-water (JMP), %, I, , , , , , , , , , , , , , , , , , , , , , , , , , , 92.9, 92.9, 92.9, 92.9, 92.9
Kazakhstan, Total population with access to safe drinking-water (JMP), %, X, , , 94.1, 94.1, 94, 94, 94, 93.9, 93.9, 93.8, 93.8, 93.7, 93.7, 93.6, 93.6, 93.5, 93.4, 93.4, 93.3, 93.2, 93.2, 93.1, 93.1, 93, 92.9, 92.9, , , , , 
Kenya, Total population with access to safe drinking-water (JMP), %, I, , , , , , , , , , , , , , , , , , , , , , , , , , , 63.2, 63.2, 63.2, 63.2, 63.2
Kenya, Total population with access to safe drinking-water (JMP), %, X, 42.8, 43.7, 44.6, 45.5, 46.5, 47.4, 48.3, 49.1, 50, 50.9, 51.8, 52.6, 53.5, 54.3, 55.2, 56, 56.8, 57.7, 58.5, 59.3, 60, 60.8, 61.6, 62.3, 63.1, 63.2, , , , , 
Kiribati, Total population with access to safe drinking-water (JMP), %, I, , , , , , , , , , , , , , , , , , , , , , , , , , , 66.9, 66.9, 66.9, 66.9, 66.9
Kiribati, Total population with access to safe drinking-water (JMP), %, X, 49.6, 50.3, 51, 51.8, 52.5, 53.3, 54.3, 55.4, 56.6, 57.7, 58.9, 59.7, 60.3, 61, 61.6, 62.2, 62.9, 63.5, 64.1, 64.8, 65.4, 66.1, 66.7, 66.8, 66.8, 66.9, , , , , 
Kuwait, Total population with access to safe drinking-water (JMP), %, I, , , , , , , , , , , , , , , , , , , , , , , , , , , 99, 99, 99, 99, 99
Kuwait, Total population with access to safe drinking-water (JMP), %, X, 99, 99, 99, 99, 99, 99, 99, 99, 99, 99, 99, 99, 99, 99, 99, 99, 99, 99, 99, 99, 99, 99, 99, 99, 99, 99, , , , , 
Kyrgyzstan, Total population with access to safe drinking-water (JMP), %, I, , , , , , , , , , , , , , , , , , , , , , , , , , , 90, 90, 90, 90, 90
Kyrgyzstan, Total population with access to safe drinking-water (JMP), %, X, , , 74.5, 74.4, 74.3, 75, 75.6, 76.3, 77, 77.7, 78.4, 79.2, 80, 80.7, 81.5, 82.3, 83, 83.8, 84.6, 85.3, 86.1, 86.9, 87.6, 88.4, 89.2, 90, , , , , 
Lao People's Democratic Republic, Total population with access to safe drinking-water (JMP), %, I, , , , , , , , , , , , , , , , , , , , , , , , , , , 75.7, 75.7, 75.7, 75.7, 75.7
Lao People's Democratic Republic, Total population with access to safe drinking-water (JMP), %, X, , , , , 39.7, 39.9, 40.2, 40.5, 40.8, 43.2, 45.5, 47.8, 50.1, 52.3, 54.6, 56.8, 59, 61.2, 63.3, 65.4, 67.5, 69.5, 71.5, 73.5, 75.5, 75.7, , , , , 
Latvia, Total population with access to safe drinking-water (JMP), %, I, , , , , , , , , , , , , , , , , , , , , , , , , , , 99.3, 99.3, 99.3, 99.3, 99.3
Latvia, Total population with access to safe drinking-water (JMP), %, X, , , 98.3, 98.3, 98.3, 98.3, 98.3, 98.3, 98.3, 98.3, 98.3, 98.3, 98.3, 98.4, 98.5, 98.6, 98.6, 98.7, 98.8, 98.9, 98.9, 99, 99.1, 99.2, 99.3, 99.3, , , , , 
Lebanon, Total population with access to safe drinking-water (JMP), %, I, , , , , , , , , , , , , , , , , , , , , , , , , , , 99, 99, 99, 99, 99
Lebanon, Total population with access to safe drinking-water (JMP), %, X, , , , , 83.3, 83.3, 83.3, 83.3, 83.3, 84.5, 85.7, 86.9, 88.1, 89.3, 90.5, 91.7, 92.9, 94.1, 95.3, 96.5, 97.7, 99, 99, 99, 99, 99, , , , , 
Lesotho, Total population with access to safe drinking-water (JMP), %, I, , , , , , , , , , , , , , , , , , , , , , , , , , , 81.8, 81.8, 81.8, 81.8, 81.8
Lesotho, Total population with access to safe drinking-water (JMP), %, X, 77.4, 77.5, 77.6, 77.7, 77.8, 78, 78.2, 78.4, 78.6, 78.8, 79, 79.1, 79.3, 79.5, 79.7, 79.9, 80.1, 80.3, 80.5, 80.7, 80.8, 81, 81.2, 81.4, 81.6, 81.8, , , , , 
Liberia, Total population with access to safe drinking-water (JMP), %, I, , , , , , , , , , , , , , , , , , , , , , , , , , , 75.6, 75.6, 75.6, 75.6, 75.6
Liberia, Total population with access to safe drinking-water (JMP), %, X, , , , , 62, 61.3, 60.5, 60.6, 60.7, 61.6, 62.4, 63.3, 64.2, 65, 65.9, 66.8, 67.6, 68.5, 69.4, 70.3, 71.1, 72, 72.9, 73.8, 74.7, 75.6, , , , , 
Libya, Total population with access to safe drinking-water (JMP), %, I, , , , , , , , , , , , , 71.2, 71.2, 71.2, 71.2, 71.2, 71.2, 71.2, 71.2, 71.2, 71.2, 71.2, 71.2, 71.2, 71.2, 71.2, 71.2, 71.2, 71.2, 71.2
Libya, Total population with access to safe drinking-water (JMP), %, X, 71.2, 71.2, 71.2, 71.2, 71.2, 71.2, 71.2, 71.2, 71.2, 71.2, 71.2, 71.2, , , , , , , , , , , , , , , , , , , 
Lithuania, Total population with access to safe drinking-water (JMP), %, I, , , , , , , , , , , , , , , , , , , , , , , , , , , 96.6, 96.6, 96.6, 96.6, 96.6
Lithuania, Total population with access to safe drinking-water (JMP), %, X, , , 87.9, 88.3, 88.7, 89.1, 89.5, 89.9, 90.2, 90.6, 91, 91.4, 91.8, 92.2, 92.6, 93, 93.4, 93.8, 94.2, 94.6, 95, 95.4, 95.8, 96.2, 96.6, 96.6, , , , , 
Luxembourg, Total population with access to safe drinking-water (JMP), %, I, , , , , , , , , , , , , , , , , , , , , , , , , , , 100, 100, 100, 100, 100
Luxembourg, Total population with access to safe drinking-water (JMP), %, X, 100, 100, 100, 100, 100, 100, 100, 100, 100, 100, 100, 100, 100, 100, 100, 100, 100, 100, 100, 100, 100, 100, 100, 100, 100, 100, , , , , 
Madagascar, Total population with access to safe drinking-water (JMP), %, I, , , , , , , , , , , , , , , , , , , , , , , , , , , 51.5, 51.5, 51.5, 51.5, 51.5
Madagascar, Total population with access to safe drinking-water (JMP), %, X, 29.5, 30.4, 31.4, 32.4, 33.2, 34, 34.8, 35.6, 36.4, 37.2, 38, 38.8, 39.6, 40.4, 41.2, 42.1, 43.1, 44, 45, 45.9, 46.9, 47.8, 48.7, 49.7, 50.6, 51.5, , , , , 
Malawi, Total population with access to safe drinking-water (JMP), %, I, , , , , , , , , , , , , , , , , , , , , , , , , , , 90.2, 90.2, 90.2, 90.2, 90.2
Malawi, Total population with access to safe drinking-water (JMP), %, X, 42.5, 44.5, 46.6, 48.6, 50.7, 52.7, 54.7, 56.8, 58.8, 60.6, 62.5, 64.4, 66.2, 68.1, 70, 71.8, 73.7, 75.5, 77.4, 79.2, 81, 82.9, 84.7, 86.5, 88.4, 90.2, , , , , 
Malaysia, Total population with access to safe drinking-water (JMP), %, I, , , , , , , , , , , , , , , , , , , , , , , , , , , 98.2, 98.2, 98.2, 98.2, 98.2
Malaysia, Total population with access to safe drinking-water (JMP), %, X, 90.3, 90.7, 91.1, 91.5, 91.8, 92.2, 92.6, 93, 93.3, 93.7, 94.1, 94.4, 94.8, 95.1, 95.4, 95.7, 96.1, 96.4, 96.7, 97, 97.3, 97.7, 97.9, 98, 98.2, 98.2, , , , , 
Maldives, Total population with access to safe drinking-water (JMP), %, I, , , , , , , , , , , , , , , , , , , , , , , , , , , 98.6, 98.6, 98.6, 98.6, 98.6
Maldives, Total population with access to safe drinking-water (JMP), %, X, 93.2, 93.2, 93.2, 93.2, 93.2, 93.5, 93.8, 94.2, 94.5, 94.8, 95.2, 95.5, 95.9, 96.2, 96.6, 96.9, 97.2, 97.5, 97.8, 98.1, 98.3, 98.6, 98.6, 98.6, 98.6, 98.6, , , , , 
Mali, Total population with access to safe drinking-water (JMP), %, I, , , , , , , , , , , , , , , , , , , , , , , , , , , 77, 77, 77, 77, 77
Mali, Total population with access to safe drinking-water (JMP), %, X, 27.1, 29.1, 31, 32.9, 34.8, 36.8, 38.7, 40.6, 42.6, 44.6, 46.6, 48.6, 50.6, 52.7, 54.7, 56.7, 58.7, 60.8, 62.8, 64.8, 66.9, 68.9, 70.9, 73, 75, 77, , , , , 
Malta, Total population with access to safe drinking-water (JMP), %, I, , , , , , , , , , , , , , , , , , , , , , , , , , , 100, 100, 100, 100, 100
Malta, Total population with access to safe drinking-water (JMP), %, X, 99.8, 99.9, 99.9, 99.9, 99.9, 99.9, 99.9, 99.9, 100, 100, 100, 100, 100, 100, 100, 100, 100, 100, 100, 100, 100, 100, 100, 100, 100, 100, , , , , 
Marshall Islands, Total population with access to safe drinking-water (JMP), %, I, , , , , , , , , , , , , , , , , , , , , , , , , , , 94.6, 94.6, 94.6, 94.6, 94.6
Marshall Islands, Total population with access to safe drinking-water (JMP), %, X, 92, 92.1, 92.2, 92.3, 92.4, 92.5, 92.7, 92.8, 92.9, 93, 93.1, 93.2, 93.4, 93.5, 93.6, 93.7, 93.8, 93.9, 94.1, 94.2, 94.3, 94.4, 94.5, 94.6, 94.6, 94.6, , , , , 
Mauritania, Total population with access to safe drinking-water (JMP), %, I, , , , , , , , , , , , , , , , , , , , , , , , , , , 57.9, 57.9, 57.9, 57.9, 57.9
Mauritania, Total population with access to safe drinking-water (JMP), %, X, 29.1, 30.5, 31.8, 33.1, 34.4, 35.7, 37, 38.2, 39.5, 40.8, 42, 43.3, 44.6, 45.8, 47, 48.3, 49.5, 50.7, 51.9, 53.1, 54.3, 55.5, 56.7, 57.9, 57.9, 57.9, , , , , 
Mauritius, Total population with access to safe drinking-water (JMP), %, I, , , , , , , , , , , , , , , , , , , , , , , , , , , 99.9, 99.9, 99.9, 99.9, 99.9
Mauritius, Total population with access to safe drinking-water (JMP), %, X, 99.2, 99.2, 99.2, 99.2, 99.2, 99.2, 99.2, 99.2, 99.2, 99.2, 99.2, 99.3, 99.3, 99.4, 99.4, 99.5, 99.5, 99.6, 99.6, 99.7, 99.7, 99.8, 99.8, 99.9, 99.9, 99.9, , , , , 
Mexico, Total population with access to safe drinking-water (JMP), %, I, , , , , , , , , , , , , , , , , , , , , , , , , , , 96.1, 96.1, 96.1, 96.1, 96.1
Mexico, Total population with access to safe drinking-water (JMP), %, X, 82.3, 83, 83.6, 84.3, 85, 85.6, 86.2, 86.8, 87.4, 88, 88.6, 89.2, 89.7, 90.3, 90.9, 91.4, 92, 92.5, 93, 93.6, 94.1, 94.6, 95.1, 95.6, 96.1, 96.1, , , , , 
Micronesia (Federated States of), Total population with access to safe drinking-water (JMP), %, I, , , , , , , , , , , , , , , , , , , , , , , , , , , 89, 89, 89, 89, 89
Micronesia (Federated States of), Total population with access to safe drinking-water (JMP), %, X, 91, 91, 91, 90.9, 90.8, 90.7, 90.6, 90.5, 90.4, 90.3, 90.1, 90, 90, 89.9, 89.8, 89.7, 89.6, 89.5, 89.4, 89.3, 89.2, 89.1, 89, 89, 89, 89, , , , , 
Monaco, Total population with access to safe drinking-water (JMP), %, I, , , , , , , , , , , , , , , , , , , , , , , , , , , 100, 100, 100, 100, 100
Monaco, Total population with access to safe drinking-water (JMP), %, X, 100, 100, 100, 100, 100, 100, 100, 100, 100, 100, 100, 100, 100, 100, 100, 100, 100, 100, 100, 100, 100, 100, 100, 100, 100, 100, , , , , 
Mongolia, Total population with access to safe drinking-water (JMP), %, I, , , , , , , , , , , , , , , , , , , , , , , , , , , 64.4, 64.4, 64.4, 64.4, 64.4
Mongolia, Total population with access to safe drinking-water (JMP), %, X, 53.4, 53.4, 53.3, 53.3, 53.3, 53.7, 54.2, 54.6, 55.1, 55.6, 56.3, 57.2, 58, 58.8, 59.6, 60.2, 60.9, 61.5, 62, 62.5, 62.9, 63.3, 63.7, 64, 64.2, 64.4, , , , , 
Montenegro, Total population with access to safe drinking-water (JMP), %, I, , , , , , , , , , , , , , , , , , , , , , , , , , , 99.7, 99.7, 99.7, 99.7, 99.7
Montenegro, Total population with access to safe drinking-water (JMP), %, X, , , , , , , , , , , , , , , , , 98.1, 98.3, 98.5, 98.7, 98.9, 99.1, 99.3, 99.4, 99.6, 99.7, , , , , 
Morocco, Total population with access to safe drinking-water (JMP), %, I, , , , , , , , , , , , , , , , , , , , , , , , , , , 85.4, 85.4, 85.4, 85.4, 85.4
Morocco, Total population with access to safe drinking-water (JMP), %, X, 72.6, 73.3, 74, 74.7, 75.3, 75.8, 76.4, 76.9, 77.3, 77.8, 78.3, 78.8, 79.3, 79.8, 80.3, 80.8, 81.4, 81.9, 82.5, 83, 83.5, 84, 84.6, 85.1, 85.3, 85.4, , , , , 
Mozambique, Total population with access to safe drinking-water (JMP), %, I, , , , , , , , , , , , , , , , , , , , , , , , , , , 51.1, 51.1, 51.1, 51.1, 51.1
Mozambique, Total population with access to safe drinking-water (JMP), %, X, 35.1, 35.4, 35.6, 35.8, 36.1, 37, 37.9, 38.9, 39.6, 40.4, 41.1, 41.9, 42.6, 43.3, 44.1, 44.8, 45.6, 46.3, 47, 47.8, 48.5, 49.3, 50.1, 50.8, 50.9, 51.1, , , , , 
Myanmar, Total population with access to safe drinking-water (JMP), %, I, , , , , , , , , , , , , , , , , , , , , , , , , , , 80.6, 80.6, 80.6, 80.6, 80.6
Myanmar, Total population with access to safe drinking-water (JMP), %, X, 58.5, 58.5, 58.6, 58.6, 59.7, 60.9, 62, 63.2, 64.3, 65.4, 66.6, 67.7, 68.9, 70, 71.2, 72.3, 73.5, 74.6, 75.8, 76.9, 78.1, 79.2, 80.3, 80.4, 80.5, 80.6, , , , , 
Namibia, Total population with access to safe drinking-water (JMP), %, I, , , , , , , , , , , , , , , , , , , , , , , , , , , 91, 91, 91, 91, 91
Namibia, Total population with access to safe drinking-water (JMP), %, X, 69.6, 70.4, 71.3, 72.3, 73.2, 74.1, 75, 75.9, 76.8, 77.6, 78.5, 79.3, 80.3, 81.2, 82.1, 83, 83.9, 84.8, 85.6, 86.5, 87.3, 88, 88.8, 89.6, 90.3, 91, , , , , 
Nauru, Total population with access to safe drinking-water (JMP), %, I, , , , , , , , , , , , , , , , , , , , , , , , , , , 96.5, 96.5, 96.5, 96.5, 96.5
Nauru, Total population with access to safe drinking-water (JMP), %, X, , , , , , , 93, 93, 93, 93, 93, 93.3, 93.6, 93.8, 94.1, 94.4, 94.6, 94.9, 95.2, 95.4, 95.7, 96, 96.3, 96.5, 96.5, 96.5, , , , , 
Nepal, Total population with access to safe drinking-water (JMP), %, I, , , , , , , , , , , , , , , , , , , , , , , , , , , 91.6, 91.6, 91.6, 91.6, 91.6
Nepal, Total population with access to safe drinking-water (JMP), %, X, 65.9, 67, 68.2, 69.3, 70.5, 71.6, 72.7, 73.8, 75, 76, 77.1, 78.2, 79.2, 80.2, 81.2, 82.2, 83.2, 84.1, 85.1, 86.1, 87, 88, 88.9, 89.8, 90.7, 91.6, , , , , 
Netherlands (Kingdom of the), Total population with access to safe drinking-water (JMP), %, I, , , , , , , , , , , , , , , , , , , , , , , , , , , 100, 100, 100, 100, 100
Netherlands (Kingdom of the), Total population with access to safe drinking-water (JMP), %, X, 100, 100, 100, 100, 100, 100, 100, 100, 100, 100, 100, 100, 100, 100, 100, 100, 100, 100, 100, 100, 100, 100, 100, 100, 100, 100, , , , , 
New Zealand, Total population with access to safe drinking-water (JMP), %, I, , , , , , , , , , , , , , , , , , , , , , , , , , , 100, 100, 100, 100, 100
New Zealand, Total population with access to safe drinking-water (JMP), %, X, 100, 100, 100, 100, 100, 100, 100, 100, 100, 100, 100, 100, 100, 100, 100, 100, 100, 100, 100, 100, 100, 100, 100, 100, 100, 100, , , , , 
Nicaragua, Total population with access to safe drinking-water (JMP), %, I, , , , , , , , , , , , , , , , , , , , , , , , , , , 87, 87, 87, 87, 87
Nicaragua, Total population with access to safe drinking-water (JMP), %, X, 72.7, 73.3, 73.9, 74.6, 75.2, 75.8, 76.4, 77, 77.6, 78.3, 78.9, 79.5, 80.1, 80.7, 81.3, 81.9, 82.5, 83.1, 83.7, 84.3, 85, 85.6, 86.2, 86.8, 86.9, 87, , , , , 
Niger, Total population with access to safe drinking-water (JMP), %, I, , , , , , , , , , , , , , , , , , , , , , , , , , , 58.2, 58.2, 58.2, 58.2, 58.2
Niger, Total population with access to safe drinking-water (JMP), %, X, 33.7, 34.7, 35.7, 36.7, 37.7, 38.7, 39.7, 40.7, 41.7, 42.7, 43.7, 44.7, 45.7, 46.7, 47.7, 48.7, 49.8, 50.8, 51.9, 52.9, 54, 55.1, 56.2, 57.3, 58.1, 58.2, , , , , 
Nigeria, Total population with access to safe drinking-water (JMP), %, I, , , , , , , , , , , , , , , , , , , , , , , , , , , 68.5, 68.5, 68.5, 68.5, 68.5
Nigeria, Total population with access to safe drinking-water (JMP), %, X, 39.9, 41.2, 42.4, 43.6, 44.8, 46, 47.2, 48.3, 49.5, 50.6, 51.8, 53, 54.2, 55.4, 56.6, 57.8, 59, 60.1, 61.2, 62.3, 63.4, 64.5, 65.5, 66.6, 67.6, 68.5, , , , , 
Niue, Total population with access to safe drinking-water (JMP), %, I, , , , , , , , , , , , , , , , , , , , , , , , , , , 98.5, 98.5, 98.5, 98.5, 98.5
Niue, Total population with access to safe drinking-water (JMP), %, X, 99.1, 99.2, 99.2, 99.1, 99.1, 99.2, 99.1, 99.1, 99.1, 99, 99, 98.9, 98.9, 98.9, 98.8, 98.8, 98.8, 98.7, 98.7, 98.7, 98.6, 98.6, 98.6, 98.5, 98.5, 98.5, , , , , 
North Macedonia, Total population with access to safe drinking-water (JMP), %, I, , , , , , , , , , , , , , , , , , , , , , , , , , , 99.4, 99.4, 99.4, 99.4, 99.4
North Macedonia, Total population with access to safe drinking-water (JMP), %, X, , , 99.3, 99.3, 99.3, 99.3, 99.3, 99.3, 99.3, 99.3, 99.3, 99.3, 99.3, 99.3, 99.3, 99.3, 99.3, 99.3, 99.3, 99.3, 99.4, 99.4, 99.4, 99.4, 99.4, 99.4, , , , , 
Norway, Total population with access to safe drinking-water (JMP), %, I, , , , , , , , , , , , , , , , , , , , , , , , , , , 100, 100, 100, 100, 100
Norway, Total population with access to safe drinking-water (JMP), %, X, 100, 100, 100, 100, 100, 100, 100, 100, 100, 100, 100, 100, 100, 100, 100, 100, 100, 100, 100, 100, 100, 100, 100, 100, 100, 100, , , , , 
Oman, Total population with access to safe drinking-water (JMP), %, I, , , , , , , , , , , , , , , , , , , , , , , , , , , 93.4, 93.4, 93.4, 93.4, 93.4
Oman, Total population with access to safe drinking-water (JMP), %, X, 78.8, 79.1, 79.3, 79.5, 79.6, 80.3, 81.1, 81.8, 82.5, 83.3, 84, 84.7, 85.5, 86.2, 87, 87.8, 88.6, 89.4, 90.1, 90.9, 91.7, 92.5, 93.3, 93.3, 93.4, 93.4, , , , , 
Pakistan, Total population with access to safe drinking-water (JMP), %, I, , , , , , , , , , , , , , , , , , , , , , , , , , , 91.4, 91.4, 91.4, 91.4, 91.4
Pakistan, Total population with access to safe drinking-water (JMP), %, X, 86.3, 86.5, 86.7, 87, 87.2, 87.4, 87.6, 87.8, 88.1, 88.3, 88.5, 88.7, 88.9, 89.1, 89.3, 89.5, 89.7, 89.9, 90.1, 90.3, 90.5, 90.7, 90.9, 91.1, 91.3, 91.4, , , , , 
Palau, Total population with access to safe drinking-water (JMP), %, I, , , , , , , , , , , , , , , , , , , , , , , 95.3, 95.3, 95.3, 95.3, 95.3, 95.3, 95.3, 95.3, 95.3
Palau, Total population with access to safe drinking-water (JMP), %, X, 90, 90.3, 90.6, 90.9, 91.2, 91.5, 91.6, 91.7, 91.9, 92, 92.2, 92.7, 93.1, 93.5, 93.9, 94.3, 94.6, 94.8, 94.9, 95.1, 95.2, 95.3, , , , , , , , , 
Palestine, Total population with access to safe drinking-water (JMP), %, I, , , , , , , , , , , , , , , , , , , , , , , , , , , 58.4, 58.4, 58.4, 58.4, 58.4
Palestine, Total population with access to safe drinking-water (JMP), %, X, , 95.8, 95.8, 95.9, 96, 96, 96, 96, 95, 92.9, 90.9, 88.8, 86.7, 84.6, 82.4, 80.3, 78.2, 76, 73.8, 71.7, 69.5, 67.3, 65.1, 62.8, 60.6, 58.4, , , , , 
Panama, Total population with access to safe drinking-water (JMP), %, I, , , , , , , , , , , , , , , , , , , , , , , , , , , 94.7, 94.7, 94.7, 94.7, 94.7
Panama, Total population with access to safe drinking-water (JMP), %, X, 83.8, 84.5, 85.1, 85.7, 86.3, 86.9, 87.4, 88, 88.5, 89, 89.5, 89.9, 90.3, 90.6, 91, 91.4, 91.7, 92.1, 92.4, 92.8, 93.1, 93.4, 93.7, 94.1, 94.4, 94.7, , , , , 
Papua New Guinea, Total population with access to safe drinking-water (JMP), %, I, , , , , , , , , , , , , , , , , , , , , , , , , , , 40, 40, 40, 40, 40
Papua New Guinea, Total population with access to safe drinking-water (JMP), %, X, 33.8, 33.6, 33.5, 33.4, 33.3, 33.6, 33.9, 34.2, 34.5, 34.8, 35.1, 35.5, 35.9, 36.3, 36.7, 37.1, 37.5, 37.9, 38.3, 38.7, 39.1, 39.5, 39.9, 39.9, 40, 40, , , , , 
Paraguay, Total population with access to safe drinking-water (JMP), %, I, , , , , , , , , , , , , , , , , , , , , , , , , , , 98, 98, 98, 98, 98
Paraguay, Total population with access to safe drinking-water (JMP), %, X, 53, 55.2, 57.4, 59.5, 61.6, 63.6, 65.6, 67.6, 69.6, 71.5, 73.4, 75.3, 77.1, 78.8, 80.5, 82.1, 83.8, 85.4, 87, 88.7, 90.3, 91.9, 93.4, 95, 96.6, 98, , , , , 
Peru, Total population with access to safe drinking-water (JMP), %, I, , , , , , , , , , , , , , , , , , , , , , , , , , , 86.7, 86.7, 86.7, 86.7, 86.7
Peru, Total population with access to safe drinking-water (JMP), %, X, 74.3, 74.8, 75.4, 76, 76.6, 77.1, 77.7, 78.2, 78.8, 79.3, 79.8, 80.3, 80.9, 81.4, 81.8, 82.3, 82.8, 83.3, 83.7, 84.2, 84.6, 85, 85.5, 85.9, 86.3, 86.7, , , , , 
Philippines, Total population with access to safe drinking-water (JMP), %, I, , , , , , , , , , , , , , , , , , , , , , , , , , , 91.8, 91.8, 91.8, 91.8, 91.8
Philippines, Total population with access to safe drinking-water (JMP), %, X, 83.9, 84.2, 84.5, 84.9, 85.2, 85.5, 85.8, 86.1, 86.4, 86.7, 87.1, 87.4, 87.7, 88, 88.3, 88.6, 88.9, 89.2, 89.5, 89.8, 90.1, 90.5, 90.8, 91.1, 91.5, 91.8, , , , , 
Poland, Total population with access to safe drinking-water (JMP), %, I, , , , , , , , , , , , , , , , , , , , , , , , , , , 98.3, 98.3, 98.3, 98.3, 98.3
Poland, Total population with access to safe drinking-water (JMP), %, X, 94.3, 94.3, 94.5, 94.7, 94.9, 95, 95.2, 95.4, 95.6, 95.8, 95.9, 96.1, 96.3, 96.5, 96.6, 96.8, 97, 97.1, 97.3, 97.5, 97.6, 97.8, 98, 98.2, 98.3, 98.3, , , , , 
Portugal, Total population with access to safe drinking-water (JMP), %, I, , , , , , , , , , , , , , , , , , , , , , , , , , , 100, 100, 100, 100, 100
Portugal, Total population with access to safe drinking-water (JMP), %, X, 96.1, 96.3, 96.5, 96.7, 96.9, 97.1, 97.2, 97.4, 97.6, 97.8, 98, 98.1, 98.3, 98.5, 98.6, 98.8, 99, 99.1, 99.3, 99.5, 99.6, 99.8, 99.9, 100, 100, 100, , , , , 
Puerto Rico, Total population with access to safe drinking-water (JMP), %, I, , , , , , , , , , , , , 93.6, 93.6, 93.6, 93.6, 93.6, 93.6, 93.6, 93.6, 93.6, 93.6, 93.6, 93.6, 93.6, 93.6, 93.6, 93.6, 93.6, 93.6, 93.6
Puerto Rico, Total population with access to safe drinking-water (JMP), %, X, 93.6, 93.6, 93.6, 93.6, 93.6, 93.6, 93.6, 93.6, 93.6, 93.6, 93.6, 93.6, , , , , , , , , , , , , , , , , , , 
Qatar, Total population with access to safe drinking-water (JMP), %, I, , , , , , , , , , , , , , , , , , , , , , , , , , , 100, 100, 100, 100, 100
Qatar, Total population with access to safe drinking-water (JMP), %, X, , , 98.7, 98.7, 98.7, 98.7, 98.7, 98.8, 98.9, 99, 99.1, 99.2, 99.4, 99.5, 99.6, 99.7, 99.8, 99.9, 100, 100, 100, 100, 100, 100, 100, 100, , , , , 
Republic of Korea, Total population with access to safe drinking-water (JMP), %, I, , , , , , , , , , , , , , , , , , , , , , , , 97.6, 97.6, 97.6, 97.6, 97.6, 97.6, 97.6, 97.6
Republic of Korea, Total population with access to safe drinking-water (JMP), %, X, , 89.6, 89.8, 90.1, 90.3, 90.6, 91.2, 91.8, 92.3, 92.9, 93.4, 94, 94.5, 95.1, 95.6, 96.1, 96.6, 97.1, 97.6, 97.6, 97.6, 97.6, 97.6, , , , , , , , 
Republic of Moldova, Total population with access to safe drinking-water (JMP), %, I, , , , , , , , , , , , , , , , , , , , , , , , , , , 88.4, 88.4, 88.4, 88.4, 88.4
Republic of Moldova, Total population with access to safe drinking-water (JMP), %, X, , , 84.3, 84.2, 84.2, 84.2, 84.2, 84.4, 84.6, 84.8, 85.1, 85.3, 85.5, 85.7, 86, 86.2, 86.4, 86.7, 86.9, 87.1, 87.4, 87.6, 87.9, 88.1, 88.4, 88.4, , , , , 
Romania, Total population with access to safe drinking-water (JMP), %, I, , , , , , , , , , , , , , , , , , , , , , , , , , , 100, 100, 100, 100, 100
Romania, Total population with access to safe drinking-water (JMP), %, X, 73.9, 75.4, 76.6, 77.7, 78.8, 79.8, 80.9, 82, 83.1, 84.2, 85.3, 86.5, 87.6, 88.8, 90, 91.1, 92.3, 93.5, 94.6, 95.8, 96.9, 98, 99, 100, 100, 100, , , , , 
Russian Federation, Total population with access to safe drinking-water (JMP), %, I, , , , , , , , , , , , , , , , , , , , , , , , , , , 96.9, 96.9, 96.9, 96.9, 96.9
Russian Federation, Total population with access to safe drinking-water (JMP), %, X, , , 93.7, 93.9, 94, 94.2, 94.3, 94.4, 94.6, 94.7, 94.9, 95, 95.2, 95.3, 95.5, 95.6, 95.8, 95.9, 96.1, 96.2, 96.3, 96.5, 96.6, 96.8, 96.9, 96.9, , , , , 
Rwanda, Total population with access to safe drinking-water (JMP), %, I, , , , , , , , , , , , , , , , , , , , , , , , , , , 76.1, 76.1, 76.1, 76.1, 76.1
Rwanda, Total population with access to safe drinking-water (JMP), %, X, 58.5, 59.1, 59.8, 60.7, 61.5, 62.4, 63.4, 64.2, 64.9, 65.6, 66.3, 67, 67.7, 68.4, 69.1, 69.8, 70.4, 71.1, 71.8, 72.4, 73.1, 73.7, 74.3, 74.9, 75.5, 76.1, , , , , 
Saint Kitts and Nevis, Total population with access to safe drinking-water (JMP), %, I, , , , , , , , , , , , , , , , , , , , , , , , , , , 98.3, 98.3, 98.3, 98.3, 98.3
Saint Kitts and Nevis, Total population with access to safe drinking-water (JMP), %, X, 98.3, 98.3, 98.3, 98.3, 98.3, 98.3, 98.3, 98.3, 98.3, 98.3, 98.3, 98.3, 98.3, 98.3, 98.3, 98.3, 98.3, 98.3, 98.3, 98.3, 98.3, 98.3, 98.3, 98.3, 98.3, 98.3, , , , , 
Saint Lucia, Total population with access to safe drinking-water (JMP), %, I, , , , , , , , , , , , , , , , , , , , , , , , , , , 96.3, 96.3, 96.3, 96.3, 96.3
Saint Lucia, Total population with access to safe drinking-water (JMP), %, X, 92.5, 92.7, 92.9, 93, 93.2, 93.4, 93.5, 93.7, 93.9, 94.1, 94.2, 94.4, 94.5, 94.6, 94.8, 94.9, 95.1, 95.2, 95.3, 95.5, 95.6, 95.8, 96, 96.2, 96.3, 96.3, , , , , 
Saint Vincent and the Grenadines, Total population with access to safe drinking-water (JMP), %, I, , , , , , , , , , , , , , , , , , , , , , , , , , , 95.1, 95.1, 95.1, 95.1, 95.1
Saint Vincent and the Grenadines, Total population with access to safe drinking-water (JMP), %, X, 88.2, 88.7, 89.2, 89.8, 90.3, 90.8, 91.3, 91.9, 92.4, 92.9, 93.5, 94, 94.5, 95.1, 95.1, 95.1, 95.1, 95.1, 95.1, 95.1, 95.1, 95.1, 95.1, 95.1, 95.1, 95.1, , , , , 
Samoa, Total population with access to safe drinking-water (JMP), %, I, , , , , , , , , , , , , , , , , , , , , , , , , , , 99, 99, 99, 99, 99
Samoa, Total population with access to safe drinking-water (JMP), %, X, 88.9, 89.4, 89.8, 90.2, 90.7, 91.1, 91.6, 92, 92.4, 92.9, 93.3, 93.8, 94.2, 94.6, 95, 95.5, 95.9, 96.3, 96.8, 97.2, 97.6, 98.1, 98.5, 99, 99, 99, , , , , 
Sao Tome and Principe, Total population with access to safe drinking-water (JMP), %, I, , , , , , , , , , , , , , , , , , , , , , , , , , , 97.1, 97.1, 97.1, 97.1, 97.1
Sao Tome and Principe, Total population with access to safe drinking-water (JMP), %, X, , , , , 73.9, 74, 74.2, 74.4, 74.5, 76.4, 78.2, 80, 81.8, 83.5, 85.3, 87, 88.7, 90.4, 92.1, 93.7, 95.3, 97, 97, 97, 97.1, 97.1, , , , , 
Saudi Arabia, Total population with access to safe drinking-water (JMP), %, I, , , , , , , , , , , , , , , , , , , , , , , , , , , 97, 97, 97, 97, 97
Saudi Arabia, Total population with access to safe drinking-water (JMP), %, X, 92, 92, 92.3, 92.7, 93, 93.3, 93.7, 94, 94.3, 94.7, 95, 95.4, 95.7, 96, 96.4, 96.7, 97, 97, 97, 97, 97, 97, 97, 97, 97, 97, , , , , 
Senegal, Total population with access to safe drinking-water (JMP), %, I, , , , , , , , , , , , , , , , , , , , , , , , , , , 78.5, 78.5, 78.5, 78.5, 78.5
Senegal, Total population with access to safe drinking-water (JMP), %, X, 59.9, 60.7, 61.4, 62.2, 62.9, 63.7, 64.4, 65.2, 65.9, 66.7, 67.4, 68.2, 68.9, 69.6, 70.4, 71.1, 71.8, 72.6, 73.3, 74.1, 74.8, 75.6, 76.3, 77, 77.8, 78.5, , , , , 
Serbia, Total population with access to safe drinking-water (JMP), %, I, , , , , , , , , , , , , , , , , , , , , , , , , , , 99.2, 99.2, 99.2, 99.2, 99.2
Serbia, Total population with access to safe drinking-water (JMP), %, X, , , , , , , , , , , , , , , , , 99.3, 99.3, 99.3, 99.3, 99.3, 99.2, 99.2, 99.2, 99.2, 99.2, , , , , 
Seychelles, Total population with access to safe drinking-water (JMP), %, I, , , , , , , , , , , , , , , , , , , , , , , , , , , 95.7, 95.7, 95.7, 95.7, 95.7
Seychelles, Total population with access to safe drinking-water (JMP), %, X, 95.7, 95.7, 95.7, 95.7, 95.7, 95.7, 95.7, 95.7, 95.7, 95.7, 95.7, 95.7, 95.7, 95.7, 95.7, 95.7, 95.7, 95.7, 95.7, 95.7, 95.7, 95.7, 95.7, 95.7, 95.7, 95.7, , , , , 
Sierra Leone, Total population with access to safe drinking-water (JMP), %, I, , , , , , , , , , , , , , , , , , , , , , , , , , , 62.6, 62.6, 62.6, 62.6, 62.6
Sierra Leone, Total population with access to safe drinking-water (JMP), %, X, 36.7, 37.8, 38.8, 39.9, 40.9, 42, 43, 44, 45.1, 46.1, 47.2, 48.2, 49.2, 50.2, 51.3, 52.3, 53.3, 54.3, 55.4, 56.4, 57.4, 58.5, 59.5, 60.6, 61.6, 62.6, , , , , 
Singapore, Total population with access to safe drinking-water (JMP), %, I, , , , , , , , , , , , , , , , , , , , , , , , , , , 100, 100, 100, 100, 100
Singapore, Total population with access to safe drinking-water (JMP), %, X, 100, 100, 100, 100, 100, 100, 100, 100, 100, 100, 100, 100, 100, 100, 100, 100, 100, 100, 100, 100, 100, 100, 100, 100, 100, 100, , , , , 
Slovakia, Total population with access to safe drinking-water (JMP), %, I, , , , , , , , , , , , , , , , , , , , , , , , , , , 100, 100, 100, 100, 100
Slovakia, Total population with access to safe drinking-water (JMP), %, X, , , , 99.8, 99.8, 99.8, 99.8, 99.8, 99.8, 99.8, 99.8, 99.8, 99.9, 99.9, 99.9, 99.9, 99.9, 99.9, 100, 100, 100, 100, 100, 100, 100, 100, , , , , 
Slovenia, Total population with access to safe drinking-water (JMP), %, I, , , , , , , , , , , , , , , , , , , , , , , , , , , 99.5, 99.5, 99.5, 99.5, 99.5
Slovenia, Total population with access to safe drinking-water (JMP), %, X, , , 99.6, 99.6, 99.6, 99.6, 99.6, 99.6, 99.6, 99.6, 99.6, 99.6, 99.6, 99.6, 99.6, 99.6, 99.6, 99.6, 99.6, 99.6, 99.5, 99.5, 99.5, 99.5, 99.5, 99.5, , , , , 
Solomon Islands, Total population with access to safe drinking-water (JMP), %, I, , , , , , , , , , , , , , , , , , , , , , , , , , , 80.8, 80.8, 80.8, 80.8, 80.8
Solomon Islands, Total population with access to safe drinking-water (JMP), %, X, , , , , , , , , , , 79.7, 79.8, 79.8, 79.9, 80, 80, 80.1, 80.2, 80.3, 80.3, 80.4, 80.5, 80.5, 80.6, 80.7, 80.8, , , , , 
Somalia, Total population with access to safe drinking-water (JMP), %, I, , , , , , , , , , , , , , , , , , , , , , , 31.7, 31.7, 31.7, 31.7, 31.7, 31.7, 31.7, 31.7, 31.7
Somalia, Total population with access to safe drinking-water (JMP), %, X, , , , 21, 21, 21, 21, 21.1, 21.8, 22.6, 23.5, 24.4, 25.3, 26.3, 27.3, 28.4, 29.5, 30.7, 30.9, 31.2, 31.4, 31.7, , , , , , , , , 
South Africa, Total population with access to safe drinking-water (JMP), %, I, , , , , , , , , , , , , , , , , , , , , , , , , , , 93.2, 93.2, 93.2, 93.2, 93.2
South Africa, Total population with access to safe drinking-water (JMP), %, X, 82.8, 83, 83.1, 83.3, 83.4, 84, 84.5, 85, 85.5, 86, 86.5, 87, 87.4, 87.9, 88.4, 88.9, 89.4, 89.8, 90.3, 90.7, 91.1, 91.6, 92, 92.4, 92.8, 93.2, , , , , 
South Sudan, Total population with access to safe drinking-water (JMP), %, I, , , , , , , , , , , , , , , , , , , , , , , , , , , 58.7, 58.7, 58.7, 58.7, 58.7
South Sudan, Total population with access to safe drinking-water (JMP), %, X, , , , , , , , , , , , , , , , , , , , , , , 58.7, 58.7, 58.7, 58.7, , , , , 
Spain, Total population with access to safe drinking-water (JMP), %, I, , , , , , , , , , , , , , , , , , , , , , , , , , , 100, 100, 100, 100, 100
Spain, Total population with access to safe drinking-water (JMP), %, X, 99.9, 99.9, 99.9, 99.9, 99.9, 99.9, 99.9, 99.9, 99.9, 99.9, 99.9, 99.9, 99.9, 100, 100, 100, 100, 100, 100, 100, 100, 100, 100, 100, 100, 100, , , , , 
Sri Lanka, Total population with access to safe drinking-water (JMP), %, I, , , , , , , , , , , , , , , , , , , , , , , , , , , 95.6, 95.6, 95.6, 95.6, 95.6
Sri Lanka, Total population with access to safe drinking-water (JMP), %, X, 68.3, 69.5, 70.6, 71.7, 72.9, 74, 75.1, 76.3, 77.4, 78.6, 79.7, 80.8, 82, 83.1, 84.2, 85.4, 86.5, 87.6, 88.8, 89.9, 91.1, 92.2, 93.3, 94.5, 95.6, 95.6, , , , , 
Sudan, Total population with access to safe drinking-water (JMP), %, I, , , , , , , , , , , , , , , , , , , , , , , , , , 55.5, 55.5, 55.5, 55.5, 55.5, 55.5
Sudan, Total population with access to safe drinking-water (JMP), %, X, , , , , , , , , , , , , , , , , , , , , , , 55.5, 55.5, 55.5, , , , , , 
Suriname, Total population with access to safe drinking-water (JMP), %, I, , , , , , , , , , , , , , , , , , , , , , , , , , , 94.8, 94.8, 94.8, 94.8, 94.8
Suriname, Total population with access to safe drinking-water (JMP), %, X, , , , , 88.3, 88.3, 88.3, 88.4, 88.4, 88.9, 89.3, 89.8, 90.3, 90.8, 91.2, 91.7, 92.1, 92.6, 93, 93.5, 93.9, 94.4, 94.8, 94.8, 94.8, 94.8, , , , , 
Sweden, Total population with access to safe drinking-water (JMP), %, I, , , , , , , , , , , , , , , , , , , , , , , , , , , 100, 100, 100, 100, 100
Sweden, Total population with access to safe drinking-water (JMP), %, X, 100, 100, 100, 100, 100, 100, 100, 100, 100, 100, 100, 100, 100, 100, 100, 100, 100, 100, 100, 100, 100, 100, 100, 100, 100, 100, , , , , 
Switzerland, Total population with access to safe drinking-water (JMP), %, I, , , , , , , , , , , , , , , , , , , , , , , , , , , 100, 100, 100, 100, 100
Switzerland, Total population with access to safe drinking-water (JMP), %, X, 100, 100, 100, 100, 100, 100, 100, 100, 100, 100, 100, 100, 100, 100, 100, 100, 100, 100, 100, 100, 100, 100, 100, 100, 100, 100, , , , , 
Syrian Arab Republic, Total population with access to safe drinking-water (JMP), %, I, , , , , , , , , , , , , , , , , , , , , , , , , , , 90.1, 90.1, 90.1, 90.1, 90.1
Syrian Arab Republic, Total population with access to safe drinking-water (JMP), %, X, 85.7, 85.7, 85.8, 85.8, 85.9, 86.1, 86.4, 86.7, 87, 87.2, 87.5, 87.8, 88, 88.2, 88.5, 88.7, 88.9, 89.1, 89.3, 89.5, 89.7, 89.9, 90.1, 90.1, 90.1, 90.1, , , , , 
Tajikistan, Total population with access to safe drinking-water (JMP), %, I, , , , , , , , , , , , , , , , , , , , , , , , , , , 73.8, 73.8, 73.8, 73.8, 73.8
Tajikistan, Total population with access to safe drinking-water (JMP), %, X, , , , 58.2, 57.9, 57.7, 57.4, 57.2, 57.9, 58.7, 59.6, 60.6, 61.5, 62.5, 63.6, 64.6, 65.6, 66.6, 67.6, 68.6, 69.7, 70.7, 71.7, 72.7, 73.7, 73.8, , , , , 
Thailand, Total population with access to safe drinking-water (JMP), %, I, , , , , , , , , , , , , , , , , , , , , , , , , , , 97.8, 97.8, 97.8, 97.8, 97.8
Thailand, Total population with access to safe drinking-water (JMP), %, X, 87.3, 87.8, 88.2, 88.7, 89.2, 89.6, 90.1, 90.5, 91, 91.4, 91.9, 92.4, 92.9, 93.3, 93.8, 94.3, 94.7, 95.2, 95.6, 96, 96.4, 96.8, 97.1, 97.5, 97.8, 97.8, , , , , 
Timor-Leste, Total population with access to safe drinking-water (JMP), %, I, , , , , , , , , , , , , , , , , , , , , , , , , , , 71.9, 71.9, 71.9, 71.9, 71.9
Timor-Leste, Total population with access to safe drinking-water (JMP), %, X, , , , , , 52.8, 52.9, 52.9, 53, 53.1, 54.3, 55.6, 56.9, 58.2, 59.6, 60.9, 62.4, 63.8, 65.2, 66.7, 68.2, 69.7, 71.2, 71.4, 71.7, 71.9, , , , , 
Togo, Total population with access to safe drinking-water (JMP), %, I, , , , , , , , , , , , , , , , , , , , , , , , , , , 63.1, 63.1, 63.1, 63.1, 63.1
Togo, Total population with access to safe drinking-water (JMP), %, X, 47.5, 48.1, 48.7, 49.3, 49.9, 50.5, 51.1, 51.7, 52.3, 53, 53.6, 54.2, 54.8, 55.4, 56, 56.7, 57.3, 57.9, 58.6, 59.2, 59.8, 60.5, 61.1, 61.8, 62.4, 63.1, , , , , 
Tokelau, Total population with access to safe drinking-water (JMP), %, I, , , , , , , , , , , , , , , , , , , , , , , , , , , 100, 100, 100, 100, 100
Tokelau, Total population with access to safe drinking-water (JMP), %, X, 89.7, 89.8, 89.7, 89.7, 89.8, 90.3, 90.9, 91.5, 92.1, 92.7, 93.3, 93.9, 94.4, 95, 95.6, 96.2, 96.8, 97.4, 98, 98.5, 99.1, 99.7, 100, 100, 100, 100, , , , , 
Tonga, Total population with access to safe drinking-water (JMP), %, I, , , , , , , , , , , , , , , , , , , , , , , , , , , 99.6, 99.6, 99.6, 99.6, 99.6
Tonga, Total population with access to safe drinking-water (JMP), %, X, 98.6, 98.6, 98.6, 98.6, 98.6, 98.6, 98.6, 98.6, 98.6, 98.6, 98.6, 98.6, 98.6, 98.6, 98.6, 98.7, 98.8, 98.9, 99, 99.1, 99.2, 99.3, 99.4, 99.5, 99.6, 99.6, , , , , 
Trinidad and Tobago, Total population with access to safe drinking-water (JMP), %, I, , , , , , , , , , , , , , , , , , , , , , , , , , , 95.1, 95.1, 95.1, 95.1, 95.1
Trinidad and Tobago, Total population with access to safe drinking-water (JMP), %, X, 91.6, 91.8, 91.9, 92.1, 92.3, 92.5, 92.6, 92.8, 93, 93.1, 93.3, 93.5, 93.6, 93.8, 94, 94.1, 94.3, 94.5, 94.6, 94.8, 95, 95.1, 95.1, 95.1, 95.1, 95.1, , , , , 
Tunisia, Total population with access to safe drinking-water (JMP), %, I, , , , , , , , , , , , , , , , , , , , , , , , , , , 97.7, 97.7, 97.7, 97.7, 97.7
Tunisia, Total population with access to safe drinking-water (JMP), %, X, 82.5, 83.4, 84.2, 85, 85.8, 86.5, 87.2, 87.9, 88.6, 89.2, 89.9, 90.5, 91.1, 91.8, 92.4, 92.9, 93.5, 94.1, 94.7, 95.2, 95.8, 96.3, 96.9, 97.3, 97.7, 97.7, , , , , 
Turkmenistan, Total population with access to safe drinking-water (JMP), %, I, , , , , , , , , , , , , , , , , , 60.4, 60.4, 60.4, 60.4, 60.4, 60.4, 60.4, 60.4, 60.4, 60.4, 60.4, 60.4, 60.4, 60.4
Turkmenistan, Total population with access to safe drinking-water (JMP), %, X, , , , , 59, 59, 59.1, 59.3, 59.4, 59.5, 59.6, 59.7, 59.9, 60, 60.1, 60.2, 60.4, , , , , , , , , , , , , , 
Tuvalu, Total population with access to safe drinking-water (JMP), %, I, , , , , , , , , , , , , , , , , , , , , , , , , , , 97.7, 97.7, 97.7, 97.7, 97.7
Tuvalu, Total population with access to safe drinking-water (JMP), %, X, 89.8, 90.3, 90.7, 91.1, 91.5, 91.9, 92.3, 92.8, 93.2, 93.6, 94, 94.4, 94.8, 95.2, 95.6, 96, 96.4, 96.9, 97.3, 97.7, 97.7, 97.7, 97.7, 97.7, 97.7, 97.7, , , , , 
Türkiye, Total population with access to safe drinking-water (JMP), %, I, , , , , , , , , , , , , , , , , , , , , , , , , , , 100, 100, 100, 100, 100
Türkiye, Total population with access to safe drinking-water (JMP), %, X, 86.2, 86.4, 87.1, 87.8, 88.5, 89.2, 89.9, 90.6, 91.2, 91.9, 92.6, 93.2, 93.8, 94.5, 95.1, 95.7, 96.3, 96.9, 97.5, 98, 98.6, 99.1, 99.5, 99.8, 100, 100, , , , , 
Uganda, Total population with access to safe drinking-water (JMP), %, I, , , , , , , , , , , , , , , , , , , , , , , , , , , 79, 79, 79, 79, 79
Uganda, Total population with access to safe drinking-water (JMP), %, X, 40.4, 42, 43.6, 45.2, 46.8, 48.4, 50, 51.6, 53.2, 54.8, 56.4, 58, 59.6, 61.2, 62.8, 64.5, 66.1, 67.7, 69.3, 70.9, 72.5, 74.2, 75.8, 77.4, 78.9, 79, , , , , 
Ukraine, Total population with access to safe drinking-water (JMP), %, I, , , , , , , , , , , , , , , , , , , , , , , , , , , 96.2, 96.2, 96.2, 96.2, 96.2
Ukraine, Total population with access to safe drinking-water (JMP), %, X, , , , , 97.5, 97.5, 97.5, 97.5, 97.5, 97.6, 97.6, 97.5, 97.4, 97.4, 97.3, 97.2, 97.1, 97, 96.9, 96.8, 96.7, 96.6, 96.5, 96.4, 96.3, 96.2, , , , , 
United Arab Emirates, Total population with access to safe drinking-water (JMP), %, I, , , , , , , , , , , , , , , , , , , , , , , , , , , 99.6, 99.6, 99.6, 99.6, 99.6
United Arab Emirates, Total population with access to safe drinking-water (JMP), %, X, 99.7, 99.7, 99.7, 99.7, 99.7, 99.7, 99.7, 99.7, 99.7, 99.7, 99.7, 99.7, 99.7, 99.7, 99.7, 99.7, 99.7, 99.6, 99.6, 99.6, 99.6, 99.6, 99.6, 99.6, 99.6, 99.6, , , , , 
United Kingdom of Great Britain and Northern Ireland, Total population with access to safe drinking-water (JMP), %, I, , , , , , , , , , , , , , , , , , , , , , , , , , , 100, 100, 100, 100, 100
United Kingdom of Great Britain and Northern Ireland, Total population with access to safe drinking-water (JMP), %, X, 100, 100, 100, 100, 100, 100, 100, 100, 100, 100, 100, 100, 100, 100, 100, 100, 100, 100, 100, 100, 100, 100, 100, 100, 100, 100, , , , , 
United Republic of Tanzania, Total population with access to safe drinking-water (JMP), %, I, , , , , , , , , , , , , , , , , , , , , , , , , , , 55.6, 55.6, 55.6, 55.6, 55.6
United Republic of Tanzania, Total population with access to safe drinking-water (JMP), %, X, 53.9, 54, 54, 54.1, 54.1, 54.2, 54.2, 54.3, 54.3, 54.3, 54.4, 54.4, 54.4, 54.5, 54.6, 54.7, 54.8, 54.9, 55, 55.1, 55.2, 55.3, 55.4, 55.4, 55.5, 55.6, , , , , 
United States of America, Total population with access to safe drinking-water (JMP), %, I, , , , , , , , , , , , , , , , , , , , , , , , , , , 99.2, 99.2, 99.2, 99.2, 99.2
United States of America, Total population with access to safe drinking-water (JMP), %, X, 98.4, 98.4, 98.5, 98.5, 98.6, 98.6, 98.7, 98.7, 98.7, 98.8, 98.8, 98.8, 98.9, 98.9, 98.9, 99, 99, 99, 99, 99.1, 99.1, 99.1, 99.1, 99.2, 99.2, 99.2, , , , , 
Uruguay, Total population with access to safe drinking-water (JMP), %, I, , , , , , , , , , , , , , , , , , , , , , , , , , , 99.7, 99.7, 99.7, 99.7, 99.7
Uruguay, Total population with access to safe drinking-water (JMP), %, X, 94.8, 94.9, 95, 95.1, 95.2, 95.4, 95.7, 96, 96.3, 96.5, 96.8, 97, 97.3, 97.5, 97.7, 97.9, 98.1, 98.4, 98.6, 98.7, 98.9, 99.1, 99.3, 99.5, 99.6, 99.7, , , , , 
Uzbekistan, Total population with access to safe drinking-water (JMP), %, I, , , , , , , , , , , , , , , , , , , , , , , , 87.3, 87.3, 87.3, 87.3, 87.3, 87.3, 87.3, 87.3
Uzbekistan, Total population with access to safe drinking-water (JMP), %, X, , , 89.9, 89.8, 89.8, 89.6, 89.4, 89.2, 89.1, 88.9, 88.7, 88.5, 88.4, 88.2, 88, 87.8, 87.6, 87.5, 87.3, 87.3, 87.3, 87.3, 87.3, , , , , , , , 
Vanuatu, Total population with access to safe drinking-water (JMP), %, I, , , , , , , , , , , , , , , , , , , , , , , , , , , 94.5, 94.5, 94.5, 94.5, 94.5
Vanuatu, Total population with access to safe drinking-water (JMP), %, X, 62.4, 63.7, 65.1, 66.5, 67.8, 69.2, 70.5, 71.8, 73.2, 74.5, 75.8, 77.1, 78.4, 79.7, 80.9, 82.2, 83.5, 84.7, 86, 87.2, 88.4, 89.7, 90.9, 92.1, 93.3, 94.5, , , , , 
Venezuela (Bolivarian Republic of), Total population with access to safe drinking-water (JMP), %, I, , , , , , , , , , , , , , , , , , , , , , , , , , , 93.1, 93.1, 93.1, 93.1, 93.1
Venezuela (Bolivarian Republic of), Total population with access to safe drinking-water (JMP), %, X, 88.8, 89, 89.3, 89.5, 89.8, 90, 90.2, 90.4, 90.7, 90.9, 91.1, 91.3, 91.5, 91.6, 91.8, 91.9, 92.1, 92.2, 92.4, 92.5, 92.7, 92.8, 92.9, 93.1, 93.1, 93.1, , , , , 
Viet Nam, Total population with access to safe drinking-water (JMP), %, I, , , , , , , , , , , , , , , , , , , , , , , , , , , 97.6, 97.6, 97.6, 97.6, 97.6
Viet Nam, Total population with access to safe drinking-water (JMP), %, X, 62.7, 64.2, 65.7, 67.2, 68.7, 70.1, 71.6, 73.1, 74.5, 75.9, 77.4, 78.9, 80.3, 81.7, 83.1, 84.5, 85.9, 87.3, 88.6, 89.9, 91.3, 92.6, 93.8, 95.1, 96.4, 97.6, , , , , 
Yemen, Total population with access to safe drinking-water (JMP), %, I, , , , , , , , , , , , , , , , , , , , , , , , 54.9, 54.9, 54.9, 54.9, 54.9, 54.9, 54.9, 54.9
Yemen, Total population with access to safe drinking-water (JMP), %, X, 66.3, 65.7, 65.1, 64.5, 63.9, 63.3, 62.6, 61.9, 61.3, 60.6, 59.9, 59.2, 58.5, 57.9, 57.2, 56.5, 55.7, 55, 54.3, 54.5, 54.6, 54.7, 54.9, , , , , , , , 
Zambia, Total population with access to safe drinking-water (JMP), %, I, , , , , , , , , , , , , , , , , , , , , , , , , , , 65.4, 65.4, 65.4, 65.4, 65.4
Zambia, Total population with access to safe drinking-water (JMP), %, X, 49.2, 49.5, 49.9, 50.2, 50.6, 51, 51.3, 51.7, 52.2, 52.6, 53, 53.8, 54.7, 55.5, 56.4, 57.3, 58.1, 59, 59.8, 60.6, 61.4, 62.2, 63, 63.8, 64.6, 65.4, , , , , 
Zimbabwe, Total population with access to safe drinking-water (JMP), %, I, , , , , , , , , , , , , , , , , , , , , , , , , , , 76.9, 76.9, 76.9, 76.9, 76.9
Zimbabwe, Total population with access to safe drinking-water (JMP), %, X, 79.4, 79.5, 79.6, 79.6, 79.5, 79.5, 79.5, 79.5, 79.4, 79.4, 79.4, 79.4, 79.4, 79.2, 79, 78.8, 78.6, 78.4, 78.2, 78, 77.9, 77.7, 77.5, 77.3, 77.1, 76.9, , , , , 