Country, Variable, Unit, Symbol, "1964", "1965", "1966", "1967", "1968", "1969", "1970", "1971", "1972", "1973", "1974", "1975", "1976", "1977", "1978", "1979", "1980", "1981", "1982", "1983", "1984", "1985", "1986", "1987", "1988", "1989", "1990", "1991", "1992", "1993", "1994", "1995", "1996", "1997", "1998", "1999", "2000", "2001", "2002", "2003", "2004", "2005", "2006", "2007", "2008", "2009", "2010", "2011", "2012", "2013", "2014", "2015", "2016", "2017", "2018", "2019", "2020"
Afghanistan, Total water withdrawal per capita, m3/inhab/year, E, , , , , , , , , , , , 843.24, 925.92, 1007.38, 1090.81, 1180.89, 1281.87, 1397.36, 1528.41, 1672.88, 1823.81, 1972.04, 2115.41, 2250.08, 2201.84, 2110.63, 1975.51, 1803.93, 1619.57, 1449.75, 1311.8, 1207.57, 1131.87, 1075.03, 1027.44, 1005.46, 976.07, 939.55, 899.03, 858.79, 823.19, 794.13, 770.74, 751.75, 734.89, 717.49, 698.05, 676.45, 653.79, 631.33, 610.5, 592, 575.78, 561.3, 548.07, 535.54, 523.34
Albania, Total water withdrawal per capita, m3/inhab/year, E, , , , , , , , , , , , , , , , , , , , , , , , , , , 365.18, 363.3, 364.63, 367.85, 370.92, 372.29, 417.81, 461.48, 503.5, 545.05, 587.3, 559.31, 532, 505.38, 479.39, 453.9, 415.41, 411.25, 407.32, 403.08, 398.13, 392.35, 385.83, 378.7, 371.16, 318.28, 314.57, 378.62, 332.32, 392.58, 273.13
Algeria, Total water withdrawal per capita, m3/inhab/year, E, , , , , , , 138.26, 141.2, 143.92, 146.41, 148.62, 150.53, 152.17, 153.56, 154.68, 155.51, 156.07, 156.37, 156.46, 156.38, 156.22, 156.03, 160.16, 164.04, 167.73, 171.27, 174.7, 174.81, 175, 175.32, 175.8, 176.48, 177.34, 178.36, 179.52, 180.75, 182.01, 185.18, 190.26, 195.17, 199.85, 204.22, 208.27, 211.98, 215.35, 218.36, 221.03, 223.36, 225.36, 229.71, 233.73, 237.46, 246.06, 252.77, 247.75, 243, 238.58
Angola, Total water withdrawal per capita, m3/inhab/year, E, , , , , , , , , , , , , , , , , , , , , , , , 44.9, 44.48, 44.06, 43.64, 43.22, 42.8, 42.38, 41.95, 41.5, 41.05, 40.58, 40.09, 39.59, 39.07, 38.57, 38.05, 37.51, 36.93, 36.32, 35.03, 33.76, 32.53, 31.35, 30.22, 29.14, 28.11, 27.13, 26.2, 25.31, 24.47, 23.67, 22.91, 22.18, 21.47
Antigua and Barbuda, Total water withdrawal per capita, m3/inhab/year, E, , , , , , , , , , , , , , , , , , , , , , , , , , , 79.96, 82.48, 84.59, 86.35, 87.89, 89.32, 90.63, 91.86, 93.05, 94.28, 95.59, 98.08, 98.6, 100.21, 101.74, 103.11, 106.92, 110.51, 113.92, 117.26, 120.58, 123.89, 127.2, 125.66, 124.24, 122.91, 121.66, 120.51, 119.44, 118.41, 117.43
Argentina, Total water withdrawal per capita, m3/inhab/year, E, , , , , , , , , , , , , 1050.84, 1037.14, 1023.73, 1010.33, 996.77, 983.04, 969.26, 955.54, 942.01, 928.78, 915.85, 903.25, 891.06, 879.38, 868.28, 857.76, 847.77, 838.29, 829.25, 820.6, 821.52, 822.58, 823.74, 824.92, 826.08, 834.96, 843.63, 852.11, 860.46, 868.7, 876.86, 884.92, 892.79, 900.35, 907.54, 914.32, 904.8, 895.34, 886.07, 877.07, 868.34, 859.86, 851.65, 843.67, 835.92
Armenia, Total water withdrawal per capita, m3/inhab/year, E, , , , , , , , , , , , , , , , , , , , , , , , , , , , , , , , 909.13, 869.53, 824.97, 776.72, 726.59, 675.76, 624.07, 571.33, 654.62, 934.01, 785.57, 955.61, 962.62, 874.37, 783.1, 688.49, 847.55, 1019.68, 1019.64, 981.83, 1117.74, 1083.05, 974.6, 919.46, 968.65, 954.7
Australia, Total water withdrawal per capita, m3/inhab/year, E, , , , , , , , , , , , , , , , , , , , , , , , , , , , , , 1055.49, 1187.74, 1104.87, 1219.95, 1201.49, 1183.3, 1165.41, 1147.78, 1130.52, 1080.63, 1030.95, 980.76, 929.85, 856.82, 784.63, 714.21, 646.41, 617.03, 591.71, 699.4, 849.2, 789.95, 724.12, 701.21, 708.5, 717.79, 624.5, 539.02
Austria, Total water withdrawal per capita, m3/inhab/year, E, , , , , , , , , , , , , , , , , 439.2, 445.75, 452.14, 458.33, 464.33, 470.11, 475.42, 480.5, 485.21, 489.38, 492.9, 480.59, 467.88, 455.18, 443.01, 431.67, 442.34, 453.65, 454.65, 455.55, 450.88, 445.66, 440.04, 433.86, 427.77, 421.94, 416.43, 411.13, 405.89, 410.73, 415.23, 413.1, 410.73, 408.14, 405.34, 402.38, 399.22, 395.93, 392.75, 389.96, 387.74
Azerbaijan, Total water withdrawal per capita, m3/inhab/year, E, , , , , , , , , , , , , , , , , , , , , , , , , , , , , 2168.38, 2155.39, 1904.26, 1796.25, 1713.54, 1578.91, 1281.03, 1485.95, 1367.7, 1221.35, 1217.21, 1288.37, 1354.07, 1411.33, 1432.24, 1406.43, 1330.21, 1280.21, 1280.46, 1287.86, 1292, 1332.84, 1275.33, 1214.73, 1220, 1231.04, 1222.87, 1253.02, 1240.63
Bahrain, Total water withdrawal per capita, m3/inhab/year, E, , , , , , , , , , , , , , , , , , , , , , , , , , , 481.92, 489.93, 497.99, 505.84, 513.09, 519.31, 524.44, 528.17, 529.52, 527.41, 521.3, 501.91, 481.2, 458.97, 438.48, 416.51, 393.17, 370, 349.68, 334.36, 324.54, 320.14, 319.75, 321, 320.79, 312.93, 304.67, 290.75, 276.79, 264.69, 255.29
Bangladesh, Total water withdrawal per capita, m3/inhab/year, E, , , , , , , , , , , , , , , , , , , , , , , , , , , , , , , , , , , , , , , , , , , , , 248.57, 245.81, 243.06, 240.3, 237.54, 234.81, 232.14, 229.56, 227.06, 224.63, 222.27, 220, 217.8
Barbados, Total water withdrawal per capita, m3/inhab/year, E, 140.67, 146.55, 152.49, 158.46, 164.39, 170.2, 175.81, 181.18, 186.32, 191.3, 196.2, 201.09, 205.99, 210.9, 215.82, 220.81, 225.84, 230.95, 236.14, 241.38, 246.58, 251.69, 256.7, 261.61, 266.43, 271.2, 275.93, 280.64, 285.29, 289.91, 294.46, 298.92, 303.32, 302.03, 300.74, 299.5, 298.33, 297.25, 296.24, 295.27, 294.24, 293.14, 291.92, 290.64, 289.34, 288.15, 287.1, 286.23, 285.51, 284.91, 284.38, 283.89, 283.42, 282.99, 282.58, 282.21, 281.86
Belarus, Total water withdrawal per capita, m3/inhab/year, E, , , , , , , , , , , , , , , , , , , , , , , , , , , , , , , , 196.48, 194.27, 192.1, 189.99, 187.98, 186.09, 184.56, 183.11, 181.67, 180.13, 178.41, 175.94, 173.28, 170.45, 167.45, 164.32, 163.21, 161.98, 160.66, 166.57, 153.29, 153.72, 147.83, 147.16, 143.67, 140.64
Belgium, Total water withdrawal per capita, m3/inhab/year, E, , , , , , , , , , , , , , , , , 921.1, 914.96, 908.93, 903.09, 897.25, 891.15, 884.7, 878.27, 871.42, 864.15, 856.4, 848.1, 839.36, 830.44, 821.84, 813.8, 783.81, 754.44, 747.78, 741, 732.89, 691.62, 650.08, 635.67, 620.58, 605.7, 593.51, 581.19, 564.91, 552.67, 517.98, 483.94, 450.5, 418.15, 384.27, 353.83, 363.24, 384.6, 371.3, 369.46, 367.86
Belize, Total water withdrawal per capita, m3/inhab/year, E, , , , , , , , , , , , , , , , , , , , , , , , 114.73, 128.97, 142.68, 156.05, 169.29, 182.4, 194.99, 239.02, 279.64, 311.24, 339.04, 363.74, 386.53, 408.39, 395.98, 384.94, 374.87, 365.28, 355.88, 346.69, 337.76, 329.18, 320.99, 313.21, 305.84, 298.82, 292.15, 285.82, 279.83, 274.16, 268.78, 263.66, 258.74, 254.01
Benin, Total water withdrawal per capita, m3/inhab/year, E, , , , , , , , , , , , , , , , , , , , , , 25.71, 26.07, 26.38, 26.63, 26.82, 26.93, 26.98, 26.96, 26.91, 26.85, 25.41, 24.08, 22.83, 21.64, 20.51, 19.42, 18.37, 19.01, 19.6, 20.15, 20.65, 21.12, 21.56, 21.96, 22.33, 22.66, 22.95, 23.21, 23.45, 23.65, 23.83, 21.98, 20.94, 20.37, 19.83, 19.3
Bhutan, Total water withdrawal per capita, m3/inhab/year, E, , , , , , , , , , , , , , , , , , , , , , , , , , , , , , , , , , , , , , , , , , , , , 503.27, 498.29, 493.07, 487.52, 481.77, 475.9, 470.06, 464.36, 458.8, 453.35, 448.05, 442.93, 438.05
Bolivia (Plurinational State of), Total water withdrawal per capita, m3/inhab/year, E, , , , , , , , , , , , , , , , , , , , , , , , 192.46, 197.47, 202.18, 206.6, 210.76, 214.66, 218.33, 221.79, 225.06, 228.16, 231.1, 233.89, 236.55, 233.81, 231.15, 228.58, 226.08, 223.68, 221.35, 219.11, 216.95, 214.78, 211.23, 207.79, 204.45, 201.2, 198.06, 195.02, 192.09, 189.27, 186.55, 183.91, 181.36, 178.87
Botswana, Total water withdrawal per capita, m3/inhab/year, E, , , , , , , , , , , , , , , , , , , , , , 84.15, 83.96, 83.61, 83.2, 82.86, 82.69, 82.71, 82.87, 88.01, 92.93, 97.61, 102.02, 106.23, 110.27, 114.19, 118.05, 117.05, 116.18, 115.35, 114.46, 113.45, 110.55, 107.6, 104.75, 102.13, 99.82, 97.85, 95.27, 92.65, 89.96, 88.55, 93.2, 87.53, 90.5, 87.68, 93.73
Brazil, Total water withdrawal per capita, m3/inhab/year, E, , , , , , , , , , , , , , , , , , , , , , , , 248.7, 259.31, 269.58, 279.52, 289.18, 298.57, 307.68, 316.52, 325.06, 333.32, 330.07, 326.94, 323.99, 321.24, 318.69, 316.31, 314.12, 312.11, 310.27, 308.61, 327.46, 346.04, 364.34, 382.34, 366.45, 350.9, 335.66, 320.72, 312.3, 321.64, 316.02, 317.47, 319.55, 316.15
Brunei Darussalam, Total water withdrawal per capita, m3/inhab/year, E, , , , , , , , , , , , , , , , , , , , , , , , , , , , 285.49, 296.95, 307.68, 317.84, 309.65, 302.01, 294.91, 288.27, 282.03, 276.14, 270.56, 265.3, 260.41, 255.96, 251.98, 248.47, 245.36, 242.47, 239.64, 236.72, 233.69, 230.58, 227.49, 224.52, 221.74, 219.15, 216.74, 214.47, 212.33, 210.3
Bulgaria, Total water withdrawal per capita, m3/inhab/year, E, , , , , , , , , , , , , , , , , 1597.06, 1590.33, 1583.75, 1577.77, 1572.99, 1569.85, 1511.22, 1454.05, 1398.58, 1345.11, 862.26, 852.58, 844.31, 836.8, 829.21, 820.87, 811.54, 801.31, 790.29, 778.74, 766.82, 735.52, 837.63, 880.84, 853.39, 849.25, 844.87, 818.57, 848.03, 819.03, 802.65, 865.35, 779.25, 750.06, 741.94, 781.89, 795.48, 796.63, 769.33, 774.56, 730.67
Burkina Faso, Total water withdrawal per capita, m3/inhab/year, E, , , , , , , , , , , , , , , , , , , , , , 37.53, 38.12, 38.64, 39.11, 39.53, 39.88, 40.19, 40.44, 41.38, 42.22, 42.99, 43.67, 44.28, 44.81, 52.92, 60.53, 61.63, 61.55, 61.41, 61.21, 60.95, 59.15, 57.4, 55.69, 54.03, 52.42, 50.86, 49.36, 47.91, 46.51, 45.17, 43.87, 42.62, 41.41, 40.25, 39.13
Burundi, Total water withdrawal per capita, m3/inhab/year, E, , , , , , , , , , , , , , , , , , , , , , , , 19.89, 22.15, 24.29, 26.36, 28.36, 30.31, 32.21, 34.11, 36.03, 37.98, 39.96, 41.88, 43.65, 45.15, 43.89, 42.49, 41, 39.5, 38.03, 36.82, 35.63, 34.47, 33.35, 32.29, 31.27, 30.29, 29.36, 28.45, 27.57, 26.71, 25.87, 25.06, 24.29, 23.56
Cabo Verde, Total water withdrawal per capita, m3/inhab/year, , , , , , , , , , , , , , , , , , , , , , , , , , , , 71.62, , , , , , , , , , , , , , , , , , , , , , , , , , , , , , 
Cabo Verde, Total water withdrawal per capita, m3/inhab/year, E, , , , , , , , , , , , , , , , , , , , , , , , , , , , , , , , , , , , , , 53.36, 55.31, 57.23, 59.13, 58.31, 57.55, 56.83, 56.15, 55.48, 54.81, 54.12, 53.44, 52.76, 52.1, 51.45, 50.83, 50.23, 49.65, 49.1, 48.56
Cabo Verde, Total water withdrawal per capita, m3/inhab/year, I, , , , , , , , , , , , , , , , , , , , , , , , , , , , 71.62, 71.62, 71.62, 71.62, 71.62, 71.62, 71.62, 71.62, 71.62, 71.62, , , , , , , , , , , , , , , , , , , , 
Cambodia, Total water withdrawal per capita, m3/inhab/year, E, , , , , , , , , , , , , , , , , , , , , , , , , , , , , , , , , , , , , , , , , , , 162.05, 159.65, 157.31, 154.96, 152.6, 150.19, 147.76, 145.34, 142.98, 140.71, 138.52, 136.42, 134.4, 132.47, 130.63
Cameroon, Total water withdrawal per capita, m3/inhab/year, E, , , , , , , , , , , , , , , , , , , , , , , , 36.9, 35.83, 34.8, 33.82, 32.89, 32, 36.6, 40.93, 45.03, 48.9, 52.56, 56.02, 59.26, 62.29, 62.2, 62.06, 61.88, 61.65, 61.38, 59.72, 58.11, 56.53, 55, 53.51, 52.06, 50.66, 49.3, 47.99, 46.72, 45.49, 44.31, 43.16, 42.06, 41
Canada, Total water withdrawal per capita, m3/inhab/year, E, , , , , , , , , , , , , , , , , , , , , , , 1618.38, 1618.39, 1617.44, 1616.5, 1616.28, 1616.89, 1577.27, 1539.23, 1502.6, 1467.23, 1433.07, 1406.21, 1380.08, 1352.62, 1325.42, 1316.49, 1307.47, 1298.13, 1288.26, 1277.75, 1266.52, 1254.75, 1201.64, 1149.76, 1188.1, 1139.32, 1096.26, 1054.38, 1014.68, 975.94, 981.41, 986.96, 977.54, 968.46, 959.96
Central African Republic, Total water withdrawal per capita, m3/inhab/year, E, , , , , , , , , , , , , , , , , , , , , , , , 7.33, 8.54, 9.69, 10.76, 11.74, 12.64, 13.46, 14.23, 14.96, 15.66, 16.33, 16.98, 17.59, 18.18, 18.12, 18.07, 18.03, 17.99, 17.95, 17.61, 17.27, 16.97, 16.71, 16.53, 16.41, 16.34, 16.3, 16.24, 16.14, 15.98, 15.77, 15.54, 15.28, 15.01
Chad, Total water withdrawal per capita, m3/inhab/year, E, , , , , , , , , , , , , , , , , , , , , , , , 33.44, 40.62, 47.29, 53.51, 59.3, 64.67, 69.64, 74.2, 78.34, 82.09, 85.46, 88.45, 91.05, 93.27, 94.53, 95.5, 92.54, 89.73, 87.12, 84.11, 81.31, 78.65, 76.09, 73.59, 71.16, 68.8, 66.53, 64.38, 62.33, 60.41, 58.57, 56.83, 55.16, 53.55
Chile, Total water withdrawal per capita, m3/inhab/year, E, , , , , , , , , , , , , , , , , , , , , , , , , , , , , 1478.88, 1532.56, 1584.94, 1636.5, 1687.47, 1737.91, 1787.89, 1837.39, 1886.37, 1934.95, 1983.13, 2030.69, 2077.25, 2122.55, 2166.38, 2124.89, 2083.93, 2043.84, 2004.78, 1967.12, 1930.67, 1894.45, 1857.21, 1818.43, 1777.69, 1752.53, 1728.32, 1708, 1693.33
China, Total water withdrawal per capita, m3/inhab/year, E, , , , , , , , , , , , , , , , , 433.68, 435.77, 437.81, 439.58, 440.78, 437.14, 432.81, 428, 423.17, 418.88, 415.48, 416.87, 418.98, 421.62, 420.56, 419.61, 418.74, 418, 417.39, 416.94, 416.66, 414.55, 412.59, 410.73, 408.96, 407.23, 416.65, 415.11, 418.36, 421.2, 421.72, 426.06, 426.31, 427.14, 418.82, 415.87, 417.86, 416.03, 412.2, 410.83, 395.09
Colombia, Total water withdrawal per capita, m3/inhab/year, E, , , , , , , , , , , , , , , , , , , , , , , , , , , , , , , , , , , , , 195.46, 204.9, 214.1, 223.07, 231.88, 240.56, 249.11, 257.54, 265.89, 310.68, 354.66, 398.02, 440.8, 482.76, 523.38, 562.24, 581.21, 566.41, 546.58, 560.89, 572.21
Comoros, Total water withdrawal per capita, m3/inhab/year, E, , , , , , , , , , , , , , , , , , , , , , , , , , , , , , , , , , , , 18.91, 18.44, 17.99, 17.56, 17.15, 16.74, 16.35, 15.96, 15.59, 15.22, 14.85, 14.5, 14.15, 13.81, 13.49, 13.17, 12.86, 12.57, 12.29, 12.01, 11.75, 11.5
Congo, Total water withdrawal per capita, m3/inhab/year, E, , , , , , , , , , , , , , , , , , , , , , , , 18.42, 18.1, 17.79, 17.48, 17.17, 16.87, 16.56, 16.26, 15.96, 15.65, 15.35, 15.04, 14.74, 14.45, 14.17, 13.9, 17.97, 21.78, 25.31, 24.49, 23.66, 22.86, 22.12, 21.46, 20.87, 20.33, 19.84, 19.36, 18.88, 18.41, 17.94, 17.49, 17.04, 16.62
Costa Rica, Total water withdrawal per capita, m3/inhab/year, E, , , , , , , , , , , , , , , , , , , , , , , , , , , , , , , , , , , , , , , , , , , , , , , , , 498.72, 519.9, 571.91, 658.63, 600.26, 492.93, 610.78, 621.71, 615.63
Croatia, Total water withdrawal per capita, m3/inhab/year, E, , , , , , , , , , , , , , , , , , , , , , , , , , , , , , , , , , , , , , , 130.47, 139.47, 138.43, 140.57, 145.14, 149.22, 147.42, 159.01, 156, 159.29, 162.08, 148.2, 158.95, 174.26, 171.79, 171.65, 303.39, 308.45, 299.37
Cuba, Total water withdrawal per capita, m3/inhab/year, E, , , , , , , , , , , , , , , , , , , , , , , , , , , , , , , , 478.59, 476.82, 475.09, 473.44, 471.94, 470.62, 469.46, 468.45, 467.67, 467.24, 467.22, 467.69, 438.77, 510.66, 539.5, 536.21, 563.56, 590.36, 616.78, 615.46, 614.49, 613.93, 613.71, 613.77, 614.02, 614.39
Cyprus, Total water withdrawal per capita, m3/inhab/year, E, , , , , , , , , , , , 238.55, 242.42, 246.12, 249.83, 253.82, 258.24, 263.5, 269.19, 274.9, 280.06, 284.22, 288.06, 290.86, 292.75, 293.99, 294.8, 282.2, 269.79, 257.71, 249.24, 241.16, 233.48, 226.18, 219.23, 212.58, 206.19, 197.28, 216.47, 236.85, 259.37, 221.1, 211.29, 203.63, 150.52, 167.2, 183.53, 197.63, 223.78, 223.19, 241.26, 253.23, 267.48, 251.76, 240.48, 228.6, 227.77
Czechia, Total water withdrawal per capita, m3/inhab/year, E, , , , , , , , , , , , , , , , , , , , , , , , , , , , , , 289.34, 277.01, 264.81, 252.92, 241.09, 235.89, 230.72, 225.53, 220.29, 186.11, 211.01, 205.8, 200.23, 194.28, 190.1, 181.79, 177.62, 172.69, 167.22, 173.99, 155.86, 155.75, 150.92, 154.44, 153.18, 149.08, 140.89, 127.56
CÃ´te d'Ivoire, Total water withdrawal per capita, m3/inhab/year, E, , , , , , , , , , , , , , , , , , , , , , , , 66.27, 75.65, 84.3, 92.24, 91.65, 91.01, 90.34, 89.7, 88.84, 88.03, 87.27, 86.59, 86.03, 85.62, 85.26, 85.02, 84.83, 84.65, 84.4, 80.31, 76.27, 72.36, 68.59, 64.92, 61.36, 57.92, 54.56, 51.31, 50.03, 48.78, 47.55, 46.35, 45.18, 44.05
Democratic People's Republic of Korea, Total water withdrawal per capita, m3/inhab/year, E, , , , , , , , , , , , , , , , , , , , , , , , , , , , , , , , , , , , , 373.13, 370.73, 368.32, 366.02, 363.94, 362.19, 359.92, 357.93, 356.14, 354.42, 352.68, 350.9, 349.1, 347.29, 345.51, 343.78, 342.1, 340.46, 338.86, 337.32, 335.85
Democratic Republic of the Congo, Total water withdrawal per capita, m3/inhab/year, E, , , , , , , , , , , , , , , , , , , , , , , , , , , , , , , , 11.45, 11.64, 11.85, 12.06, 12.25, 12.4, 12.47, 12.51, 12.52, 12.51, 12.48, 12.08, 11.69, 11.32, 10.95, 10.59, 10.24, 9.9, 9.58, 9.27, 8.97, 8.68, 8.4, 8.13, 7.88, 7.63
Denmark, Total water withdrawal per capita, m3/inhab/year, E, , , , , , , 146.01, 164.66, 183.15, 201.5, 219.78, 238.01, 237.15, 236.41, 235.83, 235.41, 235.17, 254.62, 274.23, 293.97, 313.72, 333.38, 298.44, 263.49, 228.41, 236.92, 245.28, 233.28, 221.23, 209.16, 197.12, 185.14, 186.75, 176.69, 171.84, 155.53, 139.4, 131.81, 124.31, 122.67, 125.2, 118.74, 127.91, 104.35, 125.23, 117.35, 129.33, 133.21, 127.52, 147.13, 144, 142.7, 155.3, 156.27, 192.24, 163.83, 168.58
Djibouti, Total water withdrawal per capita, m3/inhab/year, E, , , , , , , , , , , , , , , , , , , , , , 18.8, 19.22, 19.31, 19.28, 19.39, 19.76, 20.43, 21.35, 22.42, 23.46, 24.32, 24.96, 25.42, 25.77, 26.1, 26.48, 25.92, 25.44, 25.01, 24.62, 24.26, 23.91, 23.59, 23.27, 22.95, 22.61, 22.26, 21.89, 21.51, 21.14, 20.79, 20.45, 20.13, 19.81, 19.52, 19.23
Dominica, Total water withdrawal per capita, m3/inhab/year, E, , , , , , , , , , , , , , , , , , , , , , , , , , , , , , , , , 234.01, 235.13, 236.52, 237.7, 238.33, 238.3, 237.7, 236.8, 235.86, 243.19, 250.76, 258.49, 266.38, 274.28, 282.18, 282.02, 281.83, 281.63, 281.35, 280.97, 280.48, 279.88, 279.23, 278.52, 277.83
Dominican Republic, Total water withdrawal per capita, m3/inhab/year, E, , , , , , , , , , , , , , , , , , , , , , , , , , , , , , , , , , , , , 574.29, 579.86, 585.33, 590.71, 596.03, 601.28, 629.94, 657.94, 685.3, 712.02, 738.1, 768.39, 797.99, 826.93, 855.23, 882.92, 873.06, 863.48, 854.22, 845.32, 836.83
Ecuador, Total water withdrawal per capita, m3/inhab/year, E, , , , , , , , , , , , , , , , , , , , , , , , , , , , , , , , , , , , , 738.78, 733.93, 729.51, 725.39, 721.38, 717.35, 705.44, 693.73, 682.32, 671.3, 660.71, 650.62, 640.94, 631.42, 621.75, 611.77, 601.41, 590.87, 580.53, 570.86, 562.15
Egypt, Total water withdrawal per capita, m3/inhab/year, E, , , , , , , , , , , , 1250.35, 1232.37, 1214.16, 1195.62, 1176.63, 1157.19, 1137.38, 1117.35, 1097.12, 1076.75, 1056.33, 1035.85, 1015.55, 995.96, 977.7, 961.08, 946.17, 932.67, 920.16, 932.7, 944.4, 955.23, 965.3, 974.73, 983.68, 992.28, 987.42, 982.58, 977.81, 973.14, 968.57, 964.18, 959.84, 955.09, 949.41, 942.47, 847.64, 836.59, 825.75, 812.83, 799.42, 780.86, 803.59, 787.41, 772, 757.32
El Salvador, Total water withdrawal per capita, m3/inhab/year, E, , , , , , , , , , , , , , , , , , , , , , , , , , , , , 134.59, 147.5, 160.15, 172.62, 184.97, 197.23, 209.42, 221.57, 233.68, 257.18, 280.56, 303.83, 326.97, 349.96, 348.39, 346.88, 345.41, 343.96, 342.5, 341.03, 339.54, 338.01, 336.45, 334.86, 333.22, 331.55, 329.87, 328.19, 326.54
Equatorial Guinea, Total water withdrawal per capita, m3/inhab/year, E, , , , , , , , , , , , , , , , , , , , , , , , 26.11, 26.76, 27.39, 27.93, 28.36, 28.72, 29, 29.19, 29.3, 29.32, 29.25, 29.12, 28.93, 28.7, 28.31, 27.89, 27.44, 26.95, 26.42, 25.24, 24.1, 23, 21.96, 20.98, 20.06, 19.2, 18.39, 17.64, 16.94, 16.29, 15.69, 15.13, 14.6, 14.11
Eritrea, Total water withdrawal per capita, m3/inhab/year, E, , , , , , , , , , , , , , , , , , , , , , , , , , , , , , , , , , , , , 180.33, 191.83, 200.6, 207.56, 213.99, 205.9, 199.44, 194.22, 190.02, 186.54, 183.57, 181.08, 179.07, 177.36, 175.75, 174.1, 172.36, 170.53, 168.56, 166.42, 164.11
Estonia, Total water withdrawal per capita, m3/inhab/year, E, , , , , , , , , , , , , , , , , , , , , , , , , , , , , 1729.34, 1482.47, 1222.98, 947.65, 976.07, 999.97, 1020.68, 1040.93, 1062.86, 1084.47, 1021.89, 1134.78, 1172.35, 1148.54, 1165.32, 1364.28, 1196.85, 1031.57, 1382.9, 1410.71, 1232.66, 1322.46, 1306.52, 1201.33, 1330.36, 1352.8, 1215.9, 759.06, 642.99
Eswatini, Total water withdrawal per capita, m3/inhab/year, E, , , , , , , , , , , , , , , , , 1117.62, 1111.56, 1104.3, 1096.05, 1087.02, 1077.49, 1067.59, 1057.6, 1048.12, 1039.75, 1032.93, 1027.78, 1024.23, 1022.02, 1020.8, 1020.4, 1020.62, 1021.61, 1024.07, 1028.81, 1036.37, 1033.14, 1032.72, 1034.02, 1035.58, 1036.31, 1030.8, 1024.31, 1017.2, 1009.96, 1002.97, 996.24, 989.54, 982.66, 975.33, 967.35, 958.71, 949.5, 939.91, 930.21, 920.56
Ethiopia, Total water withdrawal per capita, m3/inhab/year, E, , , , , , , , , , , , , , , , , , , , , , , , , , , , , , , , , , , , , , , 79.24, 87.65, 95.55, 102.97, 103.27, 103.5, 103.65, 103.69, 103.63, 103.47, 103.22, 102.9, 102.55, 102.18, 101.83, 99.14, 96.57, 94.11, 91.75
Fiji, Total water withdrawal per capita, m3/inhab/year, E, , , , , , , , , , , , , , , , , , , , , , , , 41.56, 47, 52.38, 57.55, 62.43, 67.01, 71.34, 75.55, 79.72, 83.88, 88.01, 92.16, 96.39, 100.74, 101.16, 101.78, 102.47, 103.02, 103.33, 102.55, 101.53, 100.43, 99.46, 98.74, 98.33, 98.14, 98.08, 97.99, 97.74, 97.32, 96.76, 96.1, 95.4, 94.71
Finland, Total water withdrawal per capita, m3/inhab/year, E, , , , , , , 715.47, 723.64, 731, 737.9, 744.87, 752.32, 756.16, 760.49, 764.99, 769.18, 772.73, 781.74, 790.06, 798, 806.02, 814.46, 744.25, 675, 606.36, 537.98, 469.75, 477.13, 484.17, 491.03, 497.97, 505.18, 490.85, 476.93, 463.28, 449.77, 452.31, 447.47, 442.63, 437.99, 433.27, 428.43, 1243.39, 429.84, 430.05, 430.17, 430.23, 430.23, 431.92, 433.64, 431.37, 432.06, 418.36, 417.32, 507.01, 632.66, 631.69
France, Total water withdrawal per capita, m3/inhab/year, E, , , , , , , , , , , , , , , , , 574.92, 586.72, 598.22, 609.45, 620.5, 631.44, 638.22, 644.91, 651.57, 658.28, 665.12, 679.07, 686.32, 652.69, 619.38, 586.35, 553.61, 521.12, 532.67, 543.79, 554.33, 551.09, 541.22, 563.63, 559.44, 554.17, 537.82, 507.62, 467.31, 455.4, 454.49, 476.83, 441.49, 425.04, 425.23, 436.22, 408.84, 415.56, 414.26, 403.38, 402.49
Gabon, Total water withdrawal per capita, m3/inhab/year, E, , , , , , , , , , , , , , , , , , , , , , , , 68.66, 71.94, 75, 77.85, 80.5, 82.98, 85.29, 87.46, 89.5, 91.42, 93.21, 94.89, 96.46, 97.94, 98.62, 99.21, 99.69, 99.97, 100.03, 97.26, 94.46, 91.6, 88.66, 85.65, 82.57, 79.5, 76.55, 73.84, 71.42, 69.28, 67.37, 65.64, 64.03, 62.5
Gambia, Total water withdrawal per capita, m3/inhab/year, E, , , , , , , , , , , , , , , , , , , 29.49, 34.25, 38.54, 42.28, 45.43, 48.04, 50.27, 52.31, 54.29, 56.28, 58.25, 60.18, 61.98, 63.63, 65.11, 66.45, 67.65, 68.71, 68.68, 68.17, 67.61, 67.01, 66.41, 65.81, 63.84, 61.96, 60.14, 58.38, 56.66, 54.97, 53.33, 51.74, 50.2, 48.71, 47.27, 45.89, 44.56, 43.28, 42.04
Georgia, Total water withdrawal per capita, m3/inhab/year, E, , , , , , , , , , , , , , , , , , , , , , , , , , , , , 595.31, 576.36, 558.55, 540.92, 523.36, 505.62, 486.52, 464.65, 439.12, 441.01, 440.18, 437.38, 433.88, 430.62, 433.52, 436.7, 440.06, 435.4, 430.41, 425.12, 419.67, 414.01, 408.11, 401.95, 395.51, 342.89, 322.54, 393.35, 414.55
Germany, Total water withdrawal per capita, m3/inhab/year, E, , , , , , , , , , , , , , , , , , , , , , , , , , , , 644.66, 624.64, 615.94, 608.66, 601.82, 587.35, 582.1, 562.72, 557.45, 551.95, 538.95, 524.66, 510.42, 496.49, 485.36, 474.73, 464.42, 467.1, 469.53, 471.42, 436.55, 401.27, 365.7, 359.54, 353.15, 346.53, 344.58, 342.65, 341.03, 339.95
Ghana, Total water withdrawal per capita, m3/inhab/year, E, , , , , , , 34.34, 35.97, 37.43, 38.78, 40.1, 41.42, 42.79, 44.17, 45.5, 46.7, 47.7, 48.47, 49.05, 49.49, 49.84, 50.14, 50.42, 50.65, 50.85, 50.99, 51.08, 51.12, 51.12, 51.09, 51.06, 51.04, 51.03, 51.02, 51.02, 50.99, 50.94, 51.08, 51.18, 51.25, 51.26, 51.23, 51.15, 51.03, 50.88, 50.73, 50.58, 50.55, 50.6, 50.27, 49.99, 51.65, 51.42, 50.29, 49.2, 48.15, 47.13
Greece, Total water withdrawal per capita, m3/inhab/year, E, , , , , , , 491.02, 488.52, 485.81, 482.68, 478.9, 474.35, 485.22, 495.03, 504.26, 513.59, 523.53, 527.91, 533.07, 538.86, 545.03, 551.35, 612.34, 673.07, 733.15, 791.91, 768.83, 852.7, 771.38, 838.15, 821.56, 724.68, 801.2, 797.25, 837.3, 877.35, 917.27, 901.73, 828, 858.67, 858.83, 860.02, 850.95, 865.95, 873.87, 881.98, 889.44, 895.92, 921.52, 924.07, 926.7, 929.48, 954.86, 958.8, 961.96, 965.77, 971.12
Grenada, Total water withdrawal per capita, m3/inhab/year, E, , , , , , , , , , , , , , , , , , , , , , , , , , , , , , , , , , , , , , , , , , 95.55, 99.64, 103.73, 107.79, 111.75, 115.57, 119.23, 122.75, 126.14, 129.47, 128.65, 127.88, 127.17, 126.51, 125.89, 125.31
Guatemala, Total water withdrawal per capita, m3/inhab/year, E, , , , , , , , , , , , , , , , , , , , , , , , , , , , , , , , , , , , , , 203.56, 213.51, 222.88, 231.73, 240.13, 248.12, 242.63, 237.33, 232.19, 227.2, 222.37, 217.68, 213.14, 208.76, 204.53, 200.45, 196.52, 192.73, 189.07, 185.54
Guinea, Total water withdrawal per capita, m3/inhab/year, E, , , , , , , , , , , , , , , , , , , , , , , , 127.56, 121.62, 115.95, 110.62, 105.63, 100.93, 96.48, 92.21, 88.11, 84.15, 80.35, 76.74, 73.35, 70.19, 66.22, 67.51, 68.75, 69.91, 70.93, 71.44, 71.83, 72.13, 72.38, 72.6, 72.81, 72.99, 73.1, 73.09, 72.93, 72.62, 72.2, 71.69, 69.69, 67.77
Guinea-Bissau, Total water withdrawal per capita, m3/inhab/year, E, , , , , , , , , , , , , , , , , , , , , , , , , , , , 16.64, 47.32, 76.63, 104.69, 131.62, 157.54, 154.52, 151.6, 148.67, 145.68, 145.06, 144.29, 143.38, 142.37, 141.27, 137.92, 134.6, 131.31, 128.04, 124.79, 121.56, 118.38, 115.27, 112.26, 109.37, 106.6, 103.93, 101.37, 98.91, 96.54
Guyana, Total water withdrawal per capita, m3/inhab/year, E, , , , , , , , , , , , , , , , , , , , , , , , , , , , , 1950.3, 1965.8, 1983.14, 2006.46, 2037.34, 2074.62, 2116.01, 2157.6, 2196.29, 2180.12, 2160.72, 2139.08, 2116.78, 2094.98, 2062.72, 2030.61, 1997.95, 1963.84, 1927.72, 1921.07, 1912.5, 1902.71, 1892.5, 1882.51, 1872.91, 1863.6, 1854.54, 1845.63, 1836.75
Haiti, Total water withdrawal per capita, m3/inhab/year, E, , , , , , , , , , , , , , , , , , , , , , , , , , , , 136.5, 144.28, 151.76, 158.95, 165.87, 164.37, 162.9, 161.48, 160.1, 158.75, 157.45, 156.19, 154.95, 153.74, 152.55, 151.37, 150.22, 149.09, 147.99, 145.74, 143.56, 141.45, 139.41, 137.45, 135.57, 133.76, 132.03, 130.36, 128.74, 127.16
Honduras, Total water withdrawal per capita, m3/inhab/year, E, , , , , , , , , , , , , , , , , , , , , , , , , , , , , , , , , , , , , , , , 226.14, 220.65, 215.44, 210.5, 205.8, 201.35, 197.16, 193.21, 189.49, 185.98, 182.64, 179.44, 176.34, 173.34, 170.43, 167.61, 164.89, 162.25
Hungary, Total water withdrawal per capita, m3/inhab/year, E, , , , , , , 287.48, 305.54, 323.63, 341.63, 359.36, 376.7, 390.75, 404.38, 417.94, 431.94, 446.8, 475.89, 506.09, 537.28, 569.04, 601.01, 614.38, 627.74, 640.91, 653.74, 666.11, 677.86, 689, 661.78, 634.68, 607.97, 581.7, 572.64, 563.8, 560.69, 581.45, 573.64, 562.56, 568.43, 568.72, 546.95, 551.67, 557.37, 548.44, 539.46, 530.4, 521.26, 512.05, 467.04, 432.04, 440.73, 445.96, 460.2, 481.09, 449.28, 482.14
Iceland, Total water withdrawal per capita, m3/inhab/year, E, , , , , , , , , , , , , , , , , 473.14, 471.68, 469.84, 467.76, 465.65, 463.61, 503.42, 542.39, 580.57, 618.03, 654.79, 648.23, 641.93, 633.91, 626.09, 618.39, 610.77, 603.21, 595.72, 588.4, 581.24, 579.7, 578.28, 573.01, 566.81, 616.32, 662.62, 705.81, 746.97, 787.82, 829.77, 915.99, 903.73, 890.01, 837.51, 842.71, 782.65, 832.25, 826.52, 820.87, 815.55
India, Total water withdrawal per capita, m3/inhab/year, E, , , , , , , , , , , , 609.85, 614.26, 618.23, 621.74, 624.72, 627.15, 629.06, 630.52, 631.63, 632.51, 633.26, 620.17, 607.58, 595.46, 583.79, 572.56, 573.38, 574.15, 574.85, 575.46, 575.98, 576.4, 576.76, 577.08, 577.39, 577.72, 581.82, 585.85, 589.8, 593.68, 597.5, 601.26, 604.98, 608.73, 612.57, 616.55, 608.66, 601.21, 594.14, 587.37, 580.85, 574.55, 568.47, 562.6, 556.93, 551.45
Indonesia, Total water withdrawal per capita, m3/inhab/year, E, , , , , , , , , , , , , , , , , , , , , , , , , , , 409.81, 423.85, 437.49, 450.76, 463.71, 476.38, 488.8, 500.95, 512.82, 524.38, 535.61, 575.78, 614.83, 652.78, 689.65, 725.46, 742.19, 758.4, 774.06, 789.12, 803.59, 817.45, 830.76, 843.66, 856.32, 853.59, 851.19, 841.24, 831.75, 822.67, 813.95
Iran (Islamic Republic of), Total water withdrawal per capita, m3/inhab/year, E, , , , , , , , , , , , 1374.9, 1375.2, 1372.93, 1367.41, 1357.9, 1344.24, 1327.03, 1307.34, 1286.26, 1264.92, 1244.23, 1224.14, 1205.08, 1188.53, 1176.07, 1168.53, 1166.05, 1167.87, 1172.72, 1262.89, 1350.85, 1350.03, 1349.46, 1349.03, 1348.75, 1348.6, 1349.91, 1350.97, 1351.97, 1353.13, 1337.4, 1322.38, 1307.89, 1293.67, 1279.4, 1264.87, 1250.08, 1235.11, 1219.9, 1204.4, 1188.65, 1172.64, 1156.51, 1140.58, 1125.26, 1110.81
Iraq, Total water withdrawal per capita, m3/inhab/year, E, , , , , , , , , , , , 3471.24, 3364.66, 3262.22, 3164.76, 3073.21, 2987.91, 2907.98, 2832.85, 2762.62, 2697.43, 2636.96, 2600.67, 2567.01, 2533.54, 2497.45, 2457.07, 2522.16, 2577.88, 2625.15, 2665.39, 2699.84, 2729.14, 2753.79, 2774.67, 2792.73, 2808.8, 2649.64, 2498.23, 2356.4, 2225.88, 2106.59, 1998.58, 1898.88, 1801.71, 1701.08, 1594.67, 1483.19, 1370.78, 1262.39, 1162.39, 981.66, 1052.97, 1146.92, 873.45, 1440.35, 1407.67
Ireland, Total water withdrawal per capita, m3/inhab/year, E, , , , , , , , , , , , , , , , , 316.12, 314.89, 314.19, 314.05, 314.5, 315.54, 317.21, 319.41, 321.9, 324.3, 326.33, 327.85, 328.87, 329.42, 329.6, 319.33, 308.93, 298.36, 287.55, 276.45, 265.04, 253.44, 241.78, 245.03, 247.8, 192.94, 220.61, 168.8, 196.35, 168.43, 202.43, 204.85, 208.11, 219.02, 229.69, 229.04, 235.42, 277.03, 317.12, 314.53, 312.04
Israel, Total water withdrawal per capita, m3/inhab/year, E, , , , , , , 555.84, 544, 531.02, 517.88, 505.67, 495.01, 485.85, 477.86, 470.91, 464.79, 459.35, 459.7, 460.33, 461.12, 461.96, 462.69, 463.35, 450.19, 436.61, 421.82, 405.54, 393.44, 380.24, 366.94, 354.59, 343.74, 338.19, 333.56, 329.73, 326.46, 323.58, 309.78, 296.79, 296.26, 305.48, 295.64, 285.42, 275.03, 264.87, 255.35, 261.21, 261.78, 262.77, 264, 265.21, 266.22, 277.84, 279.85, 270.95, 272.09, 265.7
Italy, Total water withdrawal per capita, m3/inhab/year, E, , , , , , , 777.29, 781.9, 786.45, 791.07, 795.95, 801.21, 806.89, 812.99, 819.46, 826.21, 833.17, 820.75, 808.64, 796.85, 785.43, 774.37, 763.66, 753.28, 743.08, 732.88, 722.57, 730.83, 738.85, 746.92, 755.45, 764.72, 774.95, 785.94, 796.98, 797.13, 800.51, 767.94, 733.98, 699.47, 665.39, 632.32, 601.71, 571.91, 912.22, 571.64, 571.43, 570.8, 569.92, 568.42, 566.04, 564.36, 562.15, 560.64, 559.65, 560.03, 560.52
Jamaica, Total water withdrawal per capita, m3/inhab/year, E, , , , , , , , , , , , , , , , , , , , , , , , , , , , , , 373.5, 367.19, 360.96, 354.82, 348.75, 342.84, 337.19, 331.86, 326.87, 322.18, 317.73, 313.45, 309.28, 337.38, 365.26, 391.24, 416.92, 442.25, 467.17, 491.69, 515.87, 539.8, 285.37, 465.89, 463.56, 461.35, 459.25, 457.25
Japan, Total water withdrawal per capita, m3/inhab/year, E, , , , , , , , , , , , , , , , , 748.62, 745.2, 742.1, 739.36, 737.02, 735.11, 733.64, 732.56, 731.79, 731.24, 730.87, 730, 729.27, 720.4, 711.76, 703.36, 707.69, 712.18, 711.1, 710.12, 709.2, 685.48, 661.88, 658.26, 654.75, 651.37, 648.13, 645.79, 639.61, 633.58, 631.7, 629.97, 628.39, 626.98, 625.74, 624.68, 623.81, 621.95, 621.84, 618, 619.88
Jordan, Total water withdrawal per capita, m3/inhab/year, E, , , , , , , , , , , , 218.31, 220.33, 222.36, 224.05, 225, 224.98, 223.87, 221.8, 219.13, 216.27, 213.44, 222.73, 231.24, 238.53, 243.99, 247.34, 248.11, 247.38, 229.23, 213.64, 200.79, 190.27, 181.42, 173.7, 166.52, 159.49, 146.82, 151.01, 147.96, 154.12, 163.19, 153.05, 148.99, 141.54, 125.19, 122.98, 117.33, 104.94, 105.76, 114.62, 108.69, 109.28, 107.67, 108.01, 109.37, 108.29
Kazakhstan, Total water withdrawal per capita, m3/inhab/year, E, , , , , , , , , , , , , , , , , , , , , , , , , , , , , , 2153.06, 2137.97, 2125.78, 1991.9, 1856.64, 1716.22, 1566.9, 1407.38, 1397.3, 1486.76, 1520.86, 1550.42, 1609.64, 1366.19, 1452.61, 1290.5, 1342.83, 1465.21, 1330.69, 1277.14, 1323.32, 1333.79, 1232.93, 1350.41, 1352.38, 1285.07, 1274.08, 1308.22
Kenya, Total water withdrawal per capita, m3/inhab/year, E, , , , , , , , , , , , , , , , , , , , , , , , , , , 86.37, 81.56, 77.04, 72.78, 68.77, 64.98, 61.41, 58.02, 54.8, 51.73, 48.8, 55.2, 61.23, 66.9, 68.7, 70.35, 71.84, 73.2, 74.42, 75.54, 76.56, 74.54, 72.59, 70.72, 68.94, 67.25, 82.2, 80.28, 78.45, 76.69, 74.98
Kuwait, Total water withdrawal per capita, m3/inhab/year, E, , , , , , , , , , , , , , , , , , , , , , , , , , , , , , 303.51, 339.35, 379.33, 402.76, 410.06, 408.15, 406.56, 410.5, 416.66, 427.33, 437.18, 443.92, 444.31, 431.28, 414.84, 396.77, 378.89, 362.29, 346.9, 332.66, 320.18, 309.99, 302.22, 301.8, 308.18, 302.13, 297.12, 292.7
Kyrgyzstan, Total water withdrawal per capita, m3/inhab/year, E, , , , , , , , , , , , , , , , , , , , , , , , , , , , , , , 2232.01, 2208.67, 2178.25, 2142.75, 2106.22, 2073.8, 2048.48, 1961.48, 1881, 1803.82, 1726.13, 1645.7, 1562.53, 1531.06, 1497.28, 1461.9, 1425.49, 1388.2, 1362.61, 1336.52, 1310.63, 1285.42, 1261.04, 1237.53, 1215.1, 1193.92, 1174.09
Lao People's Democratic Republic, Total water withdrawal per capita, m3/inhab/year, E, , , , , , , , , , , , , , , , , , , , , , , , , , , , , , , , , , , , , , , , , , 607.3, 674.98, 739.96, 802.43, 862.79, 921.4, 978.49, 1034.06, 1088.01, 1140.1, 1164.49, 1118.93, 1052.78, 1036.61, 1025.18, 1010.23
Latvia, Total water withdrawal per capita, m3/inhab/year, E, , , , , , , , , , , , , , , , , , , , , , , , , , , , , , , , 166.63, 159.31, 151.55, 143.47, 135.21, 126.88, 118.46, 109.88, 107.85, 105.78, 103.66, 101.49, 99.27, 104.36, 109.57, 114.87, 120.27, 125.76, 121.18, 83.22, 88.35, 94.14, 90.16, 95.08, 93.68, 96.07
Lebanon, Total water withdrawal per capita, m3/inhab/year, E, , , , , , , , , , , , 291.57, 300.23, 310.58, 322.11, 333.9, 345.17, 355.46, 364.79, 373.45, 382, 390.75, 400.17, 409.79, 417.87, 421.93, 420.58, 413.26, 401.79, 389.53, 379.92, 373.07, 371.03, 372.56, 375.34, 376.14, 372.91, 352.89, 330.88, 309.73, 292.07, 278.8, 286.36, 297.02, 308.31, 316.23, 317.99, 312.95, 303.56, 293.25, 285.42, 281.66, 274.04, 269.82, 268.24, 268.39, 269.58
Lesotho, Total water withdrawal per capita, m3/inhab/year, , , , , , , , , , , , , , , , , , , , , , , 32.49, , , , , , , , , , , , , , , , , , , , , , , , , , , , , , , , , , , 
Lesotho, Total water withdrawal per capita, m3/inhab/year, E, , , , , , , , , , , , , , , , , , , , , , , , 31.32, 30.27, 29.24, 28.23, 27.24, 26.28, 25.36, 24.49, 23.67, 22.91, 22.19, 21.55, 21, 21.55, 21.52, 21.58, 21.7, 21.84, 21.94, 22.01, 22.04, 22.04, 22.01, 21.95, 21.86, 21.74, 21.59, 21.43, 21.27, 21.11, 20.94, 20.77, 20.61, 20.45
Lesotho, Total water withdrawal per capita, m3/inhab/year, I, , , , , , , , , , , , , , , , , , , , , , , 31.91, , , , , , , , , , , , , , , , , , , , , , , , , , , , , , , , , , 
Liberia, Total water withdrawal per capita, m3/inhab/year, E, , , , , , , , , , , , , , , , , , , , , , , , 60.37, 60.94, 61.77, 62.71, 63.84, 65.1, 65.95, 65.66, 63.82, 60.43, 56.15, 51.91, 48.43, 45.92, 45.3, 45.24, 45.45, 45.57, 45.34, 43.82, 42.14, 40.44, 38.86, 37.49, 36.32, 35.28, 34.34, 33.47, 32.62, 31.81, 31.03, 30.28, 29.55, 28.85
Libya, Total water withdrawal per capita, m3/inhab/year, E, , , , , , , , , , , , 453.66, 455.22, 456.44, 457.19, 457.26, 456.6, 537.37, 611.41, 679.73, 743.58, 804.12, 862.16, 918.07, 971.93, 1023.58, 1072.88, 1038.68, 1006.26, 975.79, 947.5, 920.28, 895.24, 871.99, 849.97, 828.56, 807.41, 814.7, 821.39, 827.64, 833.67, 839.68, 850.42, 860.88, 871.61, 883.3, 896.37, 911.21, 927.5, 922.42, 916.37, 908.34, 898.01, 885.92, 872.94, 860.21, 848.46
Lithuania, Total water withdrawal per capita, m3/inhab/year, E, , , , , , , , , , , , , , , , , , , , , , , , , , , , , , , , 1200.02, 1132.96, 1065.33, 997.06, 928.15, 858.55, 796.86, 753.22, 709.16, 659.63, 707.18, 561.01, 696.23, 458.67, 405.02, 348.52, 290.15, 230.02, 168.32, 120.34, 134.22, 106.56, 91.02, 90.81, 92.18, 93.45
Luxembourg, Total water withdrawal per capita, m3/inhab/year, E, , , , , , , 85.4, 88.89, 92.44, 95.98, 99.54, 103.08, 101.5, 99.93, 98.39, 96.85, 95.36, 108.38, 121.39, 134.39, 147.4, 160.33, 157.62, 154.89, 152.1, 149.24, 146.33, 143.33, 140.25, 137.17, 134.15, 131.24, 133.16, 135.28, 137.16, 139.14, 136.02, 132.07, 127.24, 123.21, 119, 114.5, 109.7, 104.71, 99.67, 94.73, 93.52, 93.39, 83.83, 79.44, 82.23, 79.05, 76.65, 77.04, 86.39, 80.07, 75.88
Madagascar, Total water withdrawal per capita, m3/inhab/year, E, , , , , , , , , , , , , , , , , , , , , 1666.82, 1601.8, 1539.43, 1479.47, 1421.57, 1365.41, 1310.76, 1257.63, 1206.07, 1156.01, 1107.38, 1060.18, 1014.4, 970.15, 927.58, 886.83, 847.96, 823.27, 799.56, 776.79, 754.92, 733.91, 718.05, 697.6, 677.96, 659.09, 640.94, 623.48, 606.66, 590.43, 574.69, 559.41, 544.58, 530.18, 516.21, 502.68, 489.58
Malawi, Total water withdrawal per capita, m3/inhab/year, E, , , , , , , , , , , , , , , , , , , , , , , , , , , , , , , 96.04, 100.16, 103.37, 105.81, 107.67, 109.28, 110.89, 112.59, 114.23, 112.02, 109.78, 107.46, 104.58, 101.7, 98.84, 96.04, 93.32, 90.68, 88.13, 85.66, 83.29, 81.03, 78.86, 76.78, 74.78, 72.83, 70.93
Malaysia, Total water withdrawal per capita, m3/inhab/year, E, , , , , , , , , , , , , , , , , , , , , , , , , , , 561.13, 506.72, 455.29, 406.42, 359.73, 315.01, 261.11, 254.51, 248.16, 242.18, 236.61, 231.47, 226.7, 222.2, 217.86, 213.62, 209.45, 205.39, 201.5, 197.87, 194.55, 191.55, 188.8, 186.23, 183.75, 181.3, 178.85, 176.44, 174.07, 171.77, 169.56
Maldives, Total water withdrawal per capita, m3/inhab/year, E, , , , , , , , , , , , , , , , , , , , , , , , 16.75, 16.77, 16.8, 16.84, 16.87, 19.27, 19.72, 20.18, 20.64, 21.13, 21.63, 22.12, 22.55, 22.91, 22.14, 21.33, 20.52, 19.76, 17.34, 17.29, 17.25, 17.18, 16.7, 16.13, 15.51, 14.85, 14.2, 13.56, 12.97, 12.41, 11.89, 11.44, 11.11, 10.91
Mali, Total water withdrawal per capita, m3/inhab/year, E, , , , , , , , , , , , , , , , , , , , , , , , 168.69, 199.6, 229.25, 257.17, 283.03, 306.78, 328.61, 348.92, 368.06, 386.19, 401.79, 416.24, 429.32, 440.86, 450.92, 439.3, 427.61, 415.93, 404.31, 392.78, 379.89, 367.45, 355.66, 344.6, 334.27, 324.54, 315.26, 306.24, 297.38, 288.67, 280.14, 271.84, 263.81, 256.09
Malta, Total water withdrawal per capita, m3/inhab/year, E, , , , , , , , , , , , , , , , , 60.33, 67.04, 73.6, 80, 86.27, 92.42, 98.45, 104.36, 110.17, 115.9, 121.54, 127.12, 132.65, 138.09, 143.41, 148.58, 147.79, 146.95, 146.13, 145.38, 144.77, 144.22, 135.29, 129.01, 123.15, 114.99, 112.18, 115.21, 106.69, 94.36, 94.6, 94.67, 94.59, 106.3, 148.54, 142.54, 144, 150.71, 145.09, 143.13, 143.31
Mauritania, Total water withdrawal per capita, m3/inhab/year, E, , , , , , , , , , , , , , , , , 473.83, 573.35, 666.75, 754.43, 836.9, 914.63, 888.84, 864.2, 840.59, 817.86, 795.89, 774.61, 753.99, 734.01, 714.67, 695.94, 677.81, 660.17, 642.89, 625.78, 608.77, 568.81, 530.25, 493.17, 457.6, 446.47, 433.88, 421.61, 409.62, 397.89, 386.41, 375.2, 364.27, 353.69, 343.48, 333.69, 324.29, 315.28, 306.63, 298.34, 290.39
Mauritius, Total water withdrawal per capita, m3/inhab/year, E, , , , , , , , , , , 409.86, 403.49, 412.09, 420.1, 427.8, 435.59, 443.74, 452.32, 461.26, 470.51, 480, 489.62, 499.44, 509.43, 519.19, 528.19, 536.05, 538.92, 540.74, 541.97, 543.2, 544.89, 537.68, 531.13, 525.19, 519.75, 514.7, 543.03, 571.36, 599.67, 582.39, 565.47, 555.33, 510.58, 618.11, 508.04, 518.45, 456.41, 464.3, 484.29, 493.1, 485.92, 496.09, 487.15, 470.33, 470.99, 478.07
Mexico, Total water withdrawal per capita, m3/inhab/year, E, , , , , , , , , , , , , , , , , 826.43, 815.61, 805.24, 795.34, 785.96, 777.11, 768.79, 760.94, 753.52, 746.47, 739.73, 733.28, 727.12, 721.28, 715.79, 710.68, 705.9, 701.42, 697.21, 693.25, 689.49, 685.95, 713.97, 724.67, 722.38, 721.66, 718.67, 723.18, 720.12, 716.67, 705.13, 694.06, 705.47, 687.11, 705.68, 702.99, 701.98, 703.97, 703.95, 700.38, 694.53
Monaco, Total water withdrawal per capita, m3/inhab/year, E, , , , , , , , , , , , , , , , , , , , , , , , , , , 227.6, 222.81, 217.65, 212.3, , 201.85, 200.03, 191.82, 190.14, 191.56, 186.64, 181.71, 176.8, 187.01, 164.18, 168.42, 163.79, 159.3, 149.12, 141.94, 140.4, 138.8, 137.14, 135.5, 133.97, 132.56, 131.34, 130.24, 129.26, 128.32, 127.41
Monaco, Total water withdrawal per capita, m3/inhab/year, I, , , , , , , , , , , , , , , , , , , , , , , , , , , , , , , 207, , , , , , , , , , , , , , , , , , , , , , , , , , 
Mongolia, Total water withdrawal per capita, m3/inhab/year, E, , , , , , , , , , , , , , , , , , , , , , , , , , , , , , 189.11, 191.46, 193.75, 195.91, 197.99, 199.98, 201.87, 203.68, 205.38, 206.91, 208.26, 209.41, 210.33, 211.03, 209.6, 207.96, 206.07, 195.14, 184.28, 173.58, 163.12, 153, 143.27, 151.29, 148.5, 145.86, 143.37, 141.05
Montenegro, Total water withdrawal per capita, m3/inhab/year, E, , , , , , , , , , , , , , , , , , , , , , , , , , , , , , , , , , , , , , , , , , , 262.63, 273.48, 258.96, 258.29, 257.74, 257.33, 257.06, 256.89, 256.76, 256.64, 256.51, 256.39, 256.29, 256.22, 256.18
Morocco, Total water withdrawal per capita, m3/inhab/year, E, , , , , , , , , , , , 505.73, 506.08, 505.91, 505.25, 504.18, 502.75, 500.01, 497.05, 494.07, 491.3, 488.91, 469.79, 451.74, 434.58, 418.14, 402.3, 416.17, 429.58, 422.02, 420.92, 417.13, 414.13, 420, 425.95, 431.91, 437.94, 470.76, 503.01, 479.06, 455.58, 432.49, 409.79, 387.48, 365.52, 343.86, 322.51, 318.19, 313.79, 309.38, 305.07, 300.92, 296.96, 293.16, 289.52, 286, 282.6
Mozambique, Total water withdrawal per capita, m3/inhab/year, E, , , , , , , , , , , , , , , , , , , , , , , , , , , 46.58, 47.39, 47.67, 47.64, 47.58, 47.65, 47.89, 48.23, 48.62, 48.94, 49.15, 49.57, 50.63, 51.56, 52.41, 53.2, 53.53, 53.83, 54.09, 54.31, 54.46, 54.57, 54.63, 54.63, 54.58, 54.47, 52.93, 51.42, 49.94, 48.51, 47.13
Myanmar, Total water withdrawal per capita, m3/inhab/year, E, , , , , , , , , , , , , , , , , , , , , , , , 717.08, 714.43, 712.48, 711.33, 711.03, 711.46, 712.28, 712.99, 713.28, 713.04, 712.43, 711.68, 711.18, 711.16, 704.25, 697.91, 692.12, 686.88, 682.15, 677.3, 672.92, 668.77, 664.5, 659.9, 654.85, 649.46, 643.97, 638.69, 633.84, 629.49, 625.51, 621.72, 617.84, 613.7
Namibia, Total water withdrawal per capita, m3/inhab/year, E, , , , , , , , , , , , , , , , , , , , , , 116.85, 127.56, 137.02, 145.51, 153.42, 161.07, 168.65, 168.1, 167.83, 167.73, 167.7, 167.73, 167.84, 168.05, 168.38, 167.17, 161.21, 155.55, 153.26, 150.96, 148.58, 146.1, 143.53, 140.94, 138.39, 135.92, 133.54, 131.22, 128.95, 126.68, 124.41, 122.14, 119.87, 117.63, 115.45, 113.35
Nepal, Total water withdrawal per capita, m3/inhab/year, E, , , , , , , , , , , , , , , , , , , , , , , , , , , , , , , , , , , , , 399.42, 392.22, 385.69, 379.7, 374.13, 368.9, 364.34, 359.98, 356.14, 353.27, 351.57, 351.21, 351.89, 352.83, 352.97, 351.55, 348.35, 343.69, 338.03, 331.97, 325.95
Netherlands (Kingdom of the), Total water withdrawal per capita, m3/inhab/year, E, , , , , , , , , , , , , , , , , 650.11, 648.79, 647.66, 646.6, 645.46, 644.14, 624.93, 605.73, 586.57, 567.52, 548.64, 529.92, 507.56, 485.47, 463.71, 442.3, 418.1, 446.67, 474.96, 502.94, 530.58, 556.52, 593.86, 637.9, 669.84, 705.73, 687.24, 663.3, 646.34, 650.26, 654.62, 648.96, 638.6, 585.26, 527.97, 496.55, 472.48, 465.07, 474.23, 491.51, 484.74
New Zealand, Total water withdrawal per capita, m3/inhab/year, E, , , , , , , , , , , , , , , , , 381.36, 423.4, 464.16, 503.77, 542.7, 581.35, 604.37, 627.39, 649.82, 670.73, 689.45, 705.55, 719.35, 731.83, 744.39, 758.03, 773.21, 789.6, 806.41, 822.39, 623.76, 722.61, 817.7, 909.37, 998.51, 1086.04, 1172.51, 1176.75, 1181.47, 1186.06, 1190.14, 1163.36, 1136.86, 1110.88, 1085.71, 1061.55, 1038.37, 1031.86, 1028.62, 1022.28, 1013.98
Nicaragua, Total water withdrawal per capita, m3/inhab/year, E, , , , , , , , , , , , , , , , , , , , , , , , , , , , , , , , , , , 261.68, 267.78, 273.8, 279.76, 279.18, 278.68, 278.18, 277.66, 275.87, 274.08, 272.27, 265.99, 259.85, 253.85, 245.8, 237.95, 230.28, 222.8, 215.51, 208.4, 201.47, 194.64, 192.41
Niger, Total water withdrawal per capita, m3/inhab/year, E, , , , , , , , , , , , , , , , , , , , , , , , , 66.24, 68.2, 69.93, 71.42, 72.68, 73.73, 74.59, 75.29, 75.83, 76.23, 76.48, 76.59, 76.58, 75.82, 74.99, 74.11, 73.17, 72.19, 72.24, 72.18, 72.01, 71.73, 71.35, 70.87, 70.3, 74.65, 78.56, 86.07, 84.05, 73.2, 108.34, 110.82, 106.72
Nigeria, Total water withdrawal per capita, m3/inhab/year, E, , , , , , , , , , , , , , , , , , , , , , , , 63.49, 65.85, 68.06, 70.14, 72.09, 73.92, 75.62, 77.21, 78.67, 80.01, 81.24, 82.36, 83.37, 84.28, 84.21, 84.09, 83.9, 83.66, 83.35, 82.46, 81.55, 80.62, 79.67, 78.71, 76.63, 74.6, 72.63, 70.72, 68.87, 67.08, 65.36, 63.69, 62.08, 60.52
North Macedonia, Total water withdrawal per capita, m3/inhab/year, E, , , , , , , , , , , , , , , , , , , , , , , , , , , , , , , , , 781.63, 669.76, 558.38, 448.41, 340.08, 311.87, 309.04, 452.09, 468.18, 561.38, 409.86, 266.87, 333.38, 365.73, 358.42, 318.8, 822.55, 238.29, 255.67, 213.6, 501.66, 210.56, 1067.42, 767.56, 225.17
Norway, Total water withdrawal per capita, m3/inhab/year, E, , , , , , , , , , , , , , , , , 489.47, 494.33, 499.19, 503.99, 508.67, 513.17, 517.47, 521.56, 525.44, 529.15, 532.69, 536.07, 539.29, 542.36, 545.3, 548.15, 550.85, 542.07, 533.38, 524.88, 534.86, 568.02, 561.84, 564.27, 610.97, 591.34, 628.95, 641.2, 615.04, 588.91, 574.25, 559.54, 544.89, 542.16, 540.4, 521.86, 504.35, 508.13, 504.16, 500.33, 496.42
Oman, Total water withdrawal per capita, m3/inhab/year, E, , , , , , , , , , , , , , , , , , , , , , , , , , , , 645.8, 624.33, 604.91, 590.51, 582.45, 580.83, 584.21, 590.42, 596.38, 599.65, 586.94, 571.34, 553.61, 562.7, 569.92, 575.92, 580.09, 580.34, 574.23, 561.15, 541.91, 519.41, 497.24, 462.43, 438.68, 417.93, 401.21, 387.83, 384.93, 375
Pakistan, Total water withdrawal per capita, m3/inhab/year, E, , , , , , , , , , , , 2295.35, 2230.1, 2165.32, 2100.99, 2037.11, 1973.82, 1911.31, 1849.95, 1790.37, 1733.18, 1678.71, 1626.86, 1577.46, 1530.55, 1486.14, 1444.16, 1404.6, 1382.52, 1361.12, 1339.73, 1318, 1295.82, 1273.54, 1251.76, 1231.21, 1212.28, 1190.83, 1170.93, 1152.15, 1134.03, 1116.25, 1100.11, 1084.25, 1068.75, 1045.15, 1022.43, 1000.6, 979.55, 959.16, 939.3, 919.89, 900.89, 882.37, 864.4, 847.09, 830.5
Palestine, Total water withdrawal per capita, m3/inhab/year, E, , , , , , , , , , , , , , , , , , , , , , , , , , , , , , , , , , , , , 89.95, 84.29, 98.13, 101.25, 110.66, 116.83, 109.39, 102.02, 94.86, 88.05, 81.64, 78.05, 82.33, 84.39, 77.38, 80.66, 78.44, 79.04, 80.09, 83.89, 87.9
Panama, Total water withdrawal per capita, m3/inhab/year, E, , , , , , , , , , , , , , , , , , , , , , , , , , , , , , , , , , , , , , , , , , , , , , , 284.68, 295.77, 306.46, 316.73, 307.87, 315.31, 300.07, 294.98, 290.03, 285.27, 280.76
Papua New Guinea, Total water withdrawal per capita, m3/inhab/year, E, , , , , , , , , , , , , , , , , , , , , , , , , , , , , , , , , , , , , 46.41, 49.47, 52.42, 55.25, 57.91, 60.37, 58.99, 57.59, 56.21, 54.88, 53.64, 52.47, 51.38, 50.34, 49.34, 48.36, 47.4, 46.47, 45.56, 44.68, 43.82
Paraguay, Total water withdrawal per capita, m3/inhab/year, E, , , , , , , , , , , , , , , , , , , , , , , , 110.49, 108.61, 106.81, 105.09, 103.47, 101.93, 100.47, 99.08, 97.75, 96.48, 95.27, 94.12, 93.05, 92.05, 121.03, 148.95, 175.92, 202.06, 227.49, 252.3, 276.55, 300.25, 321, 341.12, 360.61, 375.77, 370.64, 365.63, 360.76, 356.01, 351.39, 346.89, 342.53, 338.31
Peru, Total water withdrawal per capita, m3/inhab/year, E, , , , , , , , , , , , , , , , , , , , , , , , , , , , , , , , , , , , , , , , , , , , , 478.25, 556.7, 633.7, 709.42, 783.77, 856.2, 925.82, 991.91, 1053.79, 1111.67, 1166.7, 1185.77, 1169.18
Philippines, Total water withdrawal per capita, m3/inhab/year, E, , , , , , , , , , , , , , , , , , , , , , , , , , , , , , , , , , , , , , , , , , , 897.68, 911.53, 907.45, 882.54, 886.2, 879.55, 866.64, 854.11, 830.24, 846.13, 845.86, 872.77, 864.1, 794.21, 783.59
Poland, Total water withdrawal per capita, m3/inhab/year, E, , , , , , , 309.75, 328.18, 346.27, 364.01, 381.35, 398.28, 404.19, 409.88, 415.36, 420.63, 425.72, 428.84, 431.84, 434.9, 438.21, 441.91, 427.7, 414.1, 400.98, 388.14, 375.47, 362.93, 350.55, 346.33, 342.28, 338.42, 335.18, 332.08, 327.74, 323.54, 319.46, 314.97, 304.77, 307.24, 305.06, 302.06, 297.96, 313.66, 291.39, 300.38, 283.49, 281.91, 300.31, 280.85, 280.62, 276.15, 278.55, 265.62, 264.52, 260.22, 243.41
Portugal, Total water withdrawal per capita, m3/inhab/year, E, , , , , , , , , , , , , , , , , , , , , , , , , , , , 867.28, 1012.1, 1154.74, 1295.69, 1273.74, 1211.87, 1150.77, 1090.26, 1063.21, 1036.14, 1009.13, 982.34, 955.85, 929.79, 904.26, 859.67, 865.49, 809.75, 782.18, 758.64, 736.36, 710.54, 688.06, 665.45, 642.3, 620.08, 599.05, 585.01, 599.72, 601.46
Puerto Rico, Total water withdrawal per capita, m3/inhab/year, E, , , , , , , , , , , , , , , , , , , , , , , , , , , 1237.15, 1216.02, 1194.69, 1173.58, 1153.22, 1134.02, 1115.93, 1098.9, 1083.31, 1069.58, 1057.93, 1072.81, 1089.84, 1108.36, 1127.29, 1145.85, 1147.92, 1149.79, 1151.95, 1155.13, 1160.02, 1117.2, 1074.89, 1034.8, 998.98, 968.35, 997.37, 1035.03, 1077.28, 1116.28, 1144.59
Qatar, Total water withdrawal per capita, m3/inhab/year, E, , , , , , , , , , , , 912.85, 904.32, 900.62, 892.42, 869.52, 829.49, 776.65, 720.35, 668.59, 626.77, 595.86, 573.49, 557.15, 546.21, 540.19, 538.55, 540.88, 546.43, 553.96, 561.89, 557.8, 550.97, 540.61, 527.41, 512.54, 496.06, 526.69, 552.28, 563.17, 549.53, 513.05, 468.57, 422.69, 381.95, 355.87, 345.18, 339.2, 340.33, 335.23, 341.25, 316.72, 343.81, 313.06, 269.36, 311.75, 306.67
Republic of Korea, Total water withdrawal per capita, m3/inhab/year, E, , , , , , , , , , , , , , , , , , , , , , , , , , , 479.28, 491.05, 502.33, 513.24, 523.94, 532.87, 541.79, 550.7, 554.49, 549.03, 544.06, 575.82, 607.57, 589.71, 575.27, 599.58, 560.06, 559.14, 558.32, 557.3, 555.91, 554.06, 551.86, 549.56, 547.54, 530.51, 531.19, 530.02, 529.24, 528.68, 528.23
Republic of Moldova, Total water withdrawal per capita, m3/inhab/year, E, , , , , , , , , , , , , , , , , , , , , , , , , , , , , 448.5, 423.84, 399.72, 375.97, 352.53, 347.36, 342.27, 336.9, 330.99, 319.35, 307.13, 294.58, 282.03, 269.66, 257.36, 245.18, 240.14, 234.95, 229.51, 223.53, 217.35, 210.81, 205.48, 206.35, 207.33, 206.91, 206.57, 207.75, 198.32
Romania, Total water withdrawal per capita, m3/inhab/year, E, , , , , , , 466.69, 507.71, 548, 587.59, 626.47, 664.65, 698.38, 731.62, 764.62, 797.75, 831.28, 841.79, 853.24, 865.23, 877.13, 888.55, 883.79, 878.72, 873.99, 870.52, 868.91, 863.44, 859.72, 857.38, 777.39, 696.72, 623.97, 550.41, 567.96, 567.31, 435.91, 411.93, 422, 391.71, 330.15, 285.28, 251.01, 327.28, 346.62, 333.17, 303.83, 324.54, 320.46, 318.78, 313.54, 324.46, 321.98, 344.61, 328.92, 331.33, 333.51
Russian Federation, Total water withdrawal per capita, m3/inhab/year, E, , , , , , , , , , , , , , , , , , , , , , , , , , , , , , , 519.72, 509.8, 500.15, 490.75, 481.57, 472.59, 463.76, 453.95, 452.89, 451.79, 450.44, 448.71, 446.53, 443.93, 440.96, 437.69, 434.21, 430.52, 426.64, 422.66, 489.48, 430.8, 445.98, 442.59, 444.78, 444.36, 444.17
Rwanda, Total water withdrawal per capita, m3/inhab/year, E, , , , , , , , , , , , , , , , , , , , , , , , , , , , , , , , , , , , , 18.91, 20.7, 22.63, 24.67, 26.66, 28.48, 30.59, 32.52, 34.27, 35.91, 37.47, 38.96, 40.37, 41.69, 42.91, 44.02, 45.02, 45.93, 46.75, 48.31, 46.32
Saint Kitts and Nevis, Total water withdrawal per capita, m3/inhab/year, E, , , , , , , , , , , , , , , , , , , , , , , , , , , , , , , , , , , , , , , , , , , , , , , , , 312.71, 309.95, 307.24, 304.67, 302.18, 299.74, 297.48, 295.33, 293.24
Saint Lucia, Total water withdrawal per capita, m3/inhab/year, E, , , , , , , , , , , , , , , , , , , , , , , , , , , , , , , , , , , , , , , , , , , , 255.91, 252.34, 249.1, 246.43, 244.38, 242.86, 241.67, 240.61, 239.5, 238.3, 237.08, 235.86, 234.7, 233.63
Saint Vincent and the Grenadines, Total water withdrawal per capita, m3/inhab/year, E, , , , , , , , , , , , , , , , , , , , , , , , , , , , , , , , 92.56, 91.84, 91.14, 90.45, 89.71, 88.92, 88.05, 87.12, 86.17, 85.25, 84.41, 83.65, 82.95, 82.28, 81.59, 80.84, 80.03, 79.17, 78.27, 78.1, 77.89, 77.67, 77.41, 77.14, 76.88, 76.64
Sao Tome and Principe, Total water withdrawal per capita, m3/inhab/year, E, , , , , , , , , , , , , , , , , , , , , , , , , , , , , , 55.09, 65.47, 75.55, 85.36, 94.94, 104.24, 113.2, 121.73, 129.81, 137.44, 144.53, 150.99, 156.77, 161.81, 166.17, 170.11, 173.89, 177.73, 181.71, 185.79, 189.9, 193.9, 197.69, 201.25, 197.5, 193.81, 190.18, 186.62
Saudi Arabia, Total water withdrawal per capita, m3/inhab/year, E, , , , , , , , , , , , , , , , , , , , , , , , , , , , , 984.8, 985.58, 987.91, 991.55, 996.56, 1002.49, 1008.05, 1011.64, 1012.24, 1005.28, 995.74, 984.57, 973, 969.47, 966.19, 921.4, 878.38, 836.45, 795.36, 755.11, 716.17, 740.75, 757.33, 782.91, 737.71, 705.41, 771.21, 758.48, 746.6
Senegal, Total water withdrawal per capita, m3/inhab/year, E, , , , , , , , , , , , , , , , , , , , , , , , 197.8, 194.41, 191.06, 187.75, 184.48, 181.28, 178.22, 175.37, 172.79, 170.45, 168.32, 166.31, 164.32, 162.28, 189.86, 215.97, 212.31, 208.61, 204.88, 201.12, 197.33, 193.53, 189.73, 185.94, 182.17, 178.44, 174.75, 171.12, 167.55, 164.05, 160.62, 190.97, 185.38, 180.43
Serbia, Total water withdrawal per capita, m3/inhab/year, E, , , , , , , , , , , , , , , , , , , , , , , , , , , , , , , , , , , , , , , , , , , 423.41, 434.89, 443.04, 457.26, 449.36, 441.18, 432.77, 465.3, 442.32, 528.18, 531.57, 609.02, 631.34, 640.5, 609.39
Seychelles, Total water withdrawal per capita, m3/inhab/year, E, , , , , , , , , , , , , , , , , , , , , , , , , , 169.78, 169.03, 167.38, 164.97, 162.21, 159.63, 157.49, 161.56, 161.15, 160.86, 160.32, 159.27, 154.1, 145.95, 143.34, 148.75, 154.54, 153.03, 152.07, 151.47, 150.88, 150.11, 149.1, 147.94, 146.69, 145.41, 144.24, 143.14, 142.09, 141.1, 140.17, 139.3
Sierra Leone, Total water withdrawal per capita, m3/inhab/year, E, , , , , , , , , , , , , , , , , , , , , , , , 91.63, 77.27, 64.03, 51.76, 40.2, 28.98, 30.92, 32.89, 34.76, 36.51, 38.13, 39.52, 40.57, 41.2, 40.71, 39.92, 39.01, 38.19, 37.59, 36.4, 35.43, 34.6, 33.83, 33.08, 32.33, 31.61, 30.92, 30.24, 29.59, 28.95, 28.34, 27.74, 27.16, 26.6
Singapore, Total water withdrawal per capita, m3/inhab/year, E, , , , , , , , , , , , 84.08, 112.73, 140.84, 168.3, 194.76, 219.81, 243.09, 264.56, 284.47, 303.35, 321.65, 339.64, 357.22, 373.89, 388.9, 401.71, 412.22, 420.79, 427.85, 434, 439.72, 444.86, 449.48, 454.45, 460.85, 469.25, 484.8, 502.55, 520.37, 534.99, 544.07, 489.56, 434.53, 381.91, 333.89, 290.9, 252.11, 216.3, 182.58, 150.23, 118.83, 117.55, 115.52, 114.04, 114.33, 112.81
Slovakia, Total water withdrawal per capita, m3/inhab/year, E, , , , , , , , , , , , , , , , , , , , , , , , , , , , , , 293.98, 275.78, 257.84, 250.33, 242.99, 234.25, 225.59, 216.98, 209.06, 202.66, 199.24, 178.93, 167.96, 148.62, 127.44, 115.42, 112.16, 107.45, 106.08, 122.86, 93.01, 103.02, 101.68, 98.31, 102.11, 102.05, 102.36, 101.66
Slovenia, Total water withdrawal per capita, m3/inhab/year, E, , , , , , , , , , , , , , , , , , , , , , , , , , , , , , , , , , , , , , , 452.48, 457.06, 460.42, 462.96, 465.48, 464.63, 463.63, 463.47, 459.62, 458.27, 451.01, 560.13, 474.15, 433.08, 427.78, 448.57, 462.5, 454.14, 482.94
Somalia, Total water withdrawal per capita, m3/inhab/year, E, , , , , , , , , , , , , , , , , , , , , , , , 118.04, 142.86, 167.04, 191.32, 216.26, 241.78, 267.17, 290.99, 311.83, 328.91, 342.45, 353.18, 362.33, 370.82, 358.42, 346.83, 336, 325.56, 315.69, 306.39, 297.65, 289.37, 281.45, 273.83, 266.48, 259.37, 252.46, 245.69, 239.03, 232.49, 226.06, 219.75, 213.56, 207.51
South Africa, Total water withdrawal per capita, m3/inhab/year, E, , , , , , , , , , , , , , , , , , , , , , , , , , , 361.65, 350.69, 339.94, 329.64, 320.07, 311.37, 304.92, 299.11, 293.85, 289, 284.47, 285.27, 286.2, 287.18, 288.11, 288.92, 289.59, 290.11, 290.45, 290.56, 290.43, 290.04, 289.44, 288.71, 313.14, 336.91, 338.92, 339.94, 343.47, 322.76, 323.54
South Sudan, Total water withdrawal per capita, m3/inhab/year, E, , , , , , , , , , , , , , , , , , , , , , , , , , , , , , , , , , , , , , , , , , , , , , , , , 65.06, 63.54, 62.34, 61.41, 60.74, 60.31, 59.95, 59.48, 58.78
Spain, Total water withdrawal per capita, m3/inhab/year, E, , , , , , , , , , , , 1005.6, 1015.75, 1025.89, 1036.27, 1047.21, 1058.94, 1079.38, 1100.56, 1122.48, 1145.06, 1168.23, 1180.06, 1131.1, 1082.8, 1034.82, 986.94, 938.95, 926.56, 913.98, 901.4, 888.87, 876.56, 864.21, 876.73, 887.24, 895.05, 876.65, 857.24, 854.11, 833.3, 863.85, 808.87, 783.04, 765.33, 776.96, 750.55, 744.13, 778.55, 688.56, 702.28, 675.22, 669.49, 645.14, 629.84, 625.09, 620.69
Sri Lanka, Total water withdrawal per capita, m3/inhab/year, E, , , , , , , , , , , , , , , , , , , , , , , , , , , 563.84, 575.58, 587.33, 599.25, 611.55, 624.34, 637.76, 651.73, 665.91, 679.75, 692.88, 687.28, 681.17, 674.77, 668.43, 662.37, 657.29, 652.45, 647.82, 643.33, 638.94, 634.65, 630.51, 626.53, 622.75, 619.19, 615.86, 612.74, 609.83, 607.12, 604.58
Sudan, Total water withdrawal per capita, m3/inhab/year, E, , , , , , , , , , , , , , , , , , , , , , , , , , , , , , , , , , , , , , , , , , , , , , , , , 744.19, 726.55, 709.23, 692.36, 675.95, 659.95, 644.35, 629.13, 614.26
Suriname, Total water withdrawal per capita, m3/inhab/year, E, , , , , , , , , , , , , , , , , , , , , , , , 1207.23, 1224.42, 1239.8, 1254.94, 1270.24, 1285.54, 1301.13, 1317.1, 1333.55, 1350.66, 1368.54, 1386.8, 1404.96, 1422.66, 1386.93, 1351.97, 1317.68, 1284.1, 1251.17, 1218.89, 1204.86, 1191.01, 1177.38, 1163.98, 1150.83, 1137.93, 1125.36, 1113.19, 1101.51, 1090.3, 1079.59, 1069.29, 1059.39, 1049.89
Sweden, Total water withdrawal per capita, m3/inhab/year, E, , , , , , , 505.65, 504.63, 504.22, 504.22, 504.36, 504.43, 502.14, 499.76, 497.45, 495.4, 493.73, 465.89, 438.4, 410.97, 383.34, 355.36, 354.29, 352.87, 351.13, 349.18, 346.55, 344.46, 342.25, 333.54, 325.27, 317.57, 311.38, 305.68, 304.74, 303.8, 302.65, 300.58, 299.98, 298.28, 296.31, 290.97, 289.13, 287.03, 286.87, 286.62, 286.36, 277.41, 268.62, 259.99, 251.52, 243.22, 235.22, 227.38, 219.7, 212.17, 245.96
Switzerland, Total water withdrawal per capita, m3/inhab/year, E, , , , , , , , , , , , 409.97, 409.76, 410.39, 411.39, 412.09, 412.01, 413.03, 413.17, 412.66, 411.91, 411.16, 409.85, 408.56, 407.13, 405.31, 402.98, 400.07, 396.74, 388.39, 380.58, 373.58, 367.46, 362.03, 359.68, 357.36, 354.77, 351.88, 348.74, 339.37, 329.8, 320.04, 310.1, 300.04, 289.93, 279.85, 269.88, 260.04, 250.35, 212.09, 207.63, 209.21, 207.02, 205.04, 207.35, 205.76, 204.26
Syrian Arab Republic, Total water withdrawal per capita, m3/inhab/year, E, , , , , , , , , , , , 443.22, 495.7, 544.32, 589.14, 630.11, 667.23, 700.61, 730.58, 757.66, 782.47, 805.53, 827.09, 847.24, 866.03, 883.48, 899.61, 914.56, 928.46, 941.24, 964.05, 940.5, 946.45, 950.69, 956.24, 917.82, 918.42, 927.68, 957.53, 958.41, 938.18, 912.82, 879.38, 843.15, 811.09, 790.37, 784.57, 795.02, 820.03, 856.06, 895.76, 931.27, 959.62, 980.39, 989.1, 981.86, 957.7
Tajikistan, Total water withdrawal per capita, m3/inhab/year, E, , , , , , , , , , , , , , , , , , , , , , , , , , , , , , , 2090.62, 1982.26, 1876.77, 1774.21, 1674.08, 1576.01, 2028.36, 1516.44, 1550.41, 1581.72, 1610.46, 1636.71, 1660.48, 1581.84, 1504.77, 1429.31, 1355.55, 1283.66, 1213.77, 1145.88, 1079.96, 1054.29, 1009.86, 899.52, 1073.97, 1137.43, 1037.99
Thailand, Total water withdrawal per capita, m3/inhab/year, E, , , , , , , , , , , , , , , , , , , , , , , , , , , , , , , , , , , , , , , , , , , , 865.88, 861.34, 857.02, 852.83, 848.75, 844.77, 840.95, 837.33, 833.97, 830.87, 828, 825.4, 823.06, 821
Timor-Leste, Total water withdrawal per capita, m3/inhab/year, E, , , , , , , , , , , , , , , , , , , , , , , , , , , , , , , , , , , , , , , , , 1205.89, 1177.73, 1153.05, 1130.85, 1110.45, 1090.97, 1071.77, 1052.87, 1034.43, 1016.22, 998.02, 979.69, 961.22, 942.68, 924.31, 906.34, 888.93
Togo, Total water withdrawal per capita, m3/inhab/year, E, , , , , , , , , , , , , , , , , , , , , , , , 26.21, 27.13, 28.03, 28.92, 29.82, 30.73, 31.6, 32.36, 32.99, 33.45, 33.77, 34.01, 34.23, 34.45, 33.45, 32.52, 35.08, 37.49, 39.74, 38.7, 37.67, 36.66, 35.68, 34.73, 33.81, 32.92, 32.06, 31.24, 30.45, 29.69, 28.97, 28.27, 27.59, 26.94
Trinidad and Tobago, Total water withdrawal per capita, m3/inhab/year, E, , , , , , , , , , , , , , , , , , , , , , , , , , , , , , , , , , 235.74, 239.89, 243.95, 247.8, 251.8, 255.56, 259.12, 262.61, 266.1, 269.75, 273.4, 277, 280.46, 283.73, 286.79, 284.95, 283.08, 281.28, 279.64, 278.17, 276.87, 275.71, 274.7, 273.81
Tunisia, Total water withdrawal per capita, m3/inhab/year, E, , , , , , , , , , , , 189.15, 213.6, 236.83, 258.74, 279.19, 298.08, 302.23, 305.61, 308.48, 311.13, 313.8, 326.56, 338.93, 350.87, 362.27, 373.07, 359.69, 346.86, 334.72, 323.44, 313.08, 303.6, 294.86, 286.73, 279.13, 271.93, 291, 293.33, 295.72, 297.99, 300, 301.68, 303.06, 304.24, 305.35, 306.48, 307.67, 313.2, 318.6, 323.77, 328.65, 333.21, 316.27, 332.44, 328.37, 303.54
Turkmenistan, Total water withdrawal per capita, m3/inhab/year, E, , , , , , , , , , , , , , , , , , , , , , , , , , , , , , , 5778.23, 5695.6, 5633.87, 5589.41, 5558.14, 5534.74, 5515.14, 5585.95, 5657.77, 5728.41, 5943.36, 5882.17, 5817.18, 5748.28, 5674.61, 5595.54, 5511.04, 5421.15, 5327.2, 5231.98, 5138.81, 5049.88, 4965.71, 5011.79, 4594.16, 4663.02, 4351.49
TÃ¼rkiye, Total water withdrawal per capita, m3/inhab/year, E, , , , , , , , , , , , , , , , , , , , , , , , , , , , , 566.83, 569.68, 572.4, 574.91, 577.2, 579.3, 581.27, 583.16, 622.55, 591.1, 589.5, 587.36, 547.05, 554.69, 562.46, 564.33, 596.58, 603.07, 615.15, 642.33, 646.68, 667.11, 663.78, 709.21, 726.83, 708.84, 721.22, 744.08, 737.58
Uganda, Total water withdrawal per capita, m3/inhab/year, E, , , , , , , 21.26, 21.13, 21.01, 20.91, 20.79, 20.64, 20.46, 20.25, 20.03, 19.79, 19.55, 19.3, 19.05, 18.78, 18.5, 18.19, 17.86, 17.51, 17.17, 16.83, 16.5, 16.19, 15.9, 15.61, 15.34, 15.09, 14.85, 14.62, 14.4, 14.17, 13.94, 14.17, 14.37, 15.68, 16.9, 18.03, 19.08, 20.05, 20.93, 20.28, 19.64, 19.03, 18.43, 17.85, 17.26, 16.66, 16.07, 15.47, 14.91, 14.39, 13.93
Ukraine, Total water withdrawal per capita, m3/inhab/year, E, , , , , , , , , , , , , , , , , , , , , , , , , , , , , 505.68, 487.9, 470.64, 453.93, 437.76, 421.96, 406.3, 390.49, 374.3, 364.5, 354.36, 343.88, 332.99, 321.6, 322.6, 323.25, 323.68, 323.97, 324.29, 306.81, 289.24, 271.55, 253.77, 214.86, 220.56, 251.8, 253.17, 251.58, 225.68
United Arab Emirates, Total water withdrawal per capita, m3/inhab/year, E, , , , , , , , , , , , , , , , , 882.78, 894.15, 910.94, 929.29, 944.48, 953.52, 956.32, 954.48, 949.11, 941.54, 932.68, 921.9, 909.16, 895.91, 883.66, 872.85, 892.91, 908.32, 919.11, 925.44, 926.62, 927.44, 926.2, 910.85, 906.83, 871.36, 771.92, 678.35, 603.42, 552.11, 522.17, 509.45, 508.8, 515.83, 525.04, 532.36, 536.75, 527.21, 528.35, 515.14, 503.65
United Kingdom of Great Britain and Northern Ireland, Total water withdrawal per capita, m3/inhab/year, E, , , , , , , , , , , , , , , , , 240.35, 233.26, 226.13, 218.95, 211.71, 204.38, 205.83, 207.17, 208.44, 209.67, 210.91, 210.57, 210.25, 209.92, 209.58, 209.21, 209.92, 210.58, 211.2, 211.81, 276.22, 256.65, 234.84, 212.39, 195.68, 170.56, 213.58, 138.52, 131, 128.24, 126.56, 119.99, 127.3, 116.25, 108.67, 123.89, 127, 126.18, 125.41, 124.69, 124.03
United Republic of Tanzania, Total water withdrawal per capita, m3/inhab/year, E, , , , , , , , , , , , , , , , , , , , , , , , , , , , , , , 51.58, 65.69, 79.16, 92.08, 104.45, 116.18, 127.15, 137.31, 146.71, 142.66, 138.68, 134.82, 131.08, 127.43, 123.86, 120.35, 116.9, 113.5, 110.17, 106.92, 103.76, 100.69, 97.72, 94.84, 92.06, 89.37, 86.78
United States of America, Total water withdrawal per capita, m3/inhab/year, E, , , , , , , , , , , , , , , , , 2256.01, 2252.92, 2249.64, 2246.2, 2242.66, 2239.02, 2235.27, 2231.35, 2227.23, 2222.89, 2218.27, 2197.2, 2176.25, 2154.95, 2132.7, 2109.21, 2084.29, 2058.38, 2032.5, 2007.9, 1985.37, 1967.37, 1951.26, 1936.35, 1921.68, 1906.62, 1837.29, 1768.75, 1701.33, 1635.48, 1571.43, 1531.95, 1493.64, 1456.41, 1420.11, 1384.61, 1375.44, 1366.69, 1358.29, 1350.16, 1342.26
Uruguay, Total water withdrawal per capita, m3/inhab/year, E, , 241.23, 270.3, 298.9, 327.24, 355.63, 384.37, 413.73, 443.74, 474.11, 504.23, 533.54, 561.7, 588.74, 614.8, 640.26, 665.43, 690.38, 715, 739.31, 763.31, 786.98, 810.39, 833.56, 856.39, 878.72, 900.44, 921.56, 942.16, 962.32, 982.15, 1001.77, 1021.13, 1040.31, 1059.84, 1080.41, 1102.5, 1100.6, 1100.41, 1101.19, 1101.92, 1101.81, 1100.62, 1098.52, 1095.74, 1092.64, 1089.52, 1086.4, 1083.17, 1079.82, 1076.33, 1072.68, 1068.88, 1064.99, 1061.09, 1057.27, 1053.62
Uzbekistan, Total water withdrawal per capita, m3/inhab/year, E, , , , , , , , , , , , , , , , , , , , , , , , , , , , , , , 2599.14, 2563.1, 2530.71, 2501.52, 2475.36, 2452.01, 2431.14, 2412.72, 2337.1, 2263.77, 2191.34, 2118.98, 2071.8, 2024.12, 1976.27, 1928.74, 1881.89, 1835.82, 1790.51, 1745.99, 1702.31, 1782.63, 1735.27, 1842.94, 1813.63, 1785.84, 1759.83
Venezuela (Bolivarian Republic of), Total water withdrawal per capita, m3/inhab/year, E, , , , , , , 359.76, 363.14, 366.26, 369.08, 371.53, 373.58, 375.24, 376.55, 377.57, 378.39, 379.03, 379.55, 379.94, 380.17, 380.2, 380.04, 379.67, 379.15, 378.55, 377.95, 377.4, 376.93, 376.52, 376.16, 375.85, 375.57, 375.34, 375.15, 375, 374.84, 374.67, 448.28, 519.23, 587.73, 654, 718.3, 774.9, 830.4, 818.73, 807.19, 795.58, 783.25, 770.63, 759.76, 753.13, 752.16, 757.97, 769.54, 783.27, 793.46, 795.69
Viet Nam, Total water withdrawal per capita, m3/inhab/year, E, , , , , , , , , , , , , , , , , 697.47, 708.57, 718.55, 727.55, 735.78, 743.39, 746.78, 749.89, 752.74, 755.35, 757.74, 771.17, 784.06, 796.77, 809.71, 823.2, 837.34, 852.1, 867.36, 882.95, 898.68, 914.73, 930.9, 947.05, 962.97, 978.5, 969.42, 960.32, 951.15, 941.87, 932.5, 923.02, 913.45, 903.89, 894.41, 885.12, 876.01, 867.12, 858.54, 850.39, 842.73
Yemen, Total water withdrawal per capita, m3/inhab/year, E, , , , , , , , , , , , , , , , , , , , , , , , , , , 250.38, 242.14, 233.56, 225.35, 218.16, 212.29, 207.69, 204.04, 200.99, 198.17, 195.3, 191.59, 187.92, 184.3, 180.76, 177.3, 172.33, 167.51, 162.84, 158.33, 153.96, 149.74, 145.67, 141.77, 138.05, 134.54, 131.22, 128.08, 125.09, 122.25, 119.53
Zambia, Total water withdrawal per capita, m3/inhab/year, E, , , , , , , , , , , , , , , , , , , , , , , , , , , , , 206.71, 199.45, 192.34, 185.85, 179.36, 172.93, 166.66, 160.63, 154.91, 148.96, 143.28, 139.65, 136.1, 132.59, 129.13, 125.73, 122.35, 118.95, 115.54, 112.1, 108.67, 105.32, 102.08, 99, 96.07, 93.27, 90.6, 88.01, 85.51
Zimbabwe, Total water withdrawal per capita, m3/inhab/year, E, , , , , , , , , , , , , , , , , , , , , , , , 128.05, 144.07, 159.35, 174.17, 188.75, 203.2, 217.62, 232.02, 246.44, 260.89, 275.46, 290.2, 305.18, 320.41, 335.96, 351.76, 340.34, 328.7, 316.64, 304.14, 291.29, 286.62, 281.51, 276.01, 270.11, 263.9, 257.62, 251.53, 245.8, 242.45, 234.54, 261.2, 257.51, 253.74